bjd,rv,e_rv,pre_rv,pre_e_rv,sn18,exptime,berv,qprog,airmass,filename,dLW,e_dLW,crx,e_crx,ln_order_center,irt_ind1,irt_ind1_e,irt_ind2,irt_ind2_e,irt_ind3,irt_ind3_e
2460958.945393241,9.21781091301497,4.234667774886215,,,564.6774772785298,170.4,52.972065036270706,PSU25-3-004,,/storage/work/efg5335/IcyMoons/hpf/collected_fits/20251010_0062_Slope-20251010T103032_R01.fits.fr_optimal.fits,19.58888048734795,12.150912286412858,-72.64523580341839,28.008919224898236,[,0.4783801511732728,0.0005493131237761101,0.24733119492987693,0.0004739910104927381,0.29480761342028944,0.00046840779348873804
2460958.9477302814,-1.0699522661849163,4.108261313897828,,,628.5975240877646,170.4,52.990137419868226,PSU25-3-004,,/storage/work/efg5335/IcyMoons/hpf/collected_fits/20251010_0063_Slope-20251010T103354_R01.fits.fr_optimal.fits,-26.422988832393038,11.82573494102745,45.51632122654487,23.263552009632015,9,0.47801135568910247,0.0004974673069529745,0.24837855008755816,0.0004297225505869386,0.2958114268959098,0.00042406840568471623
2460958.950047064,0.7025840521327902,3.908088679308728,,,652.4612391859926,170.4,53.007544824583995,PSU25-3-004,,/storage/work/efg5335/IcyMoons/hpf/collected_fits/20251010_0064_Slope-20251010T103717_R01.fits.fr_optimal.fits,-21.708336911012022,11.215598506075173,14.865268449786837,58.759815308933035,.,0.47737969100888444,0.0004811173072375245,0.24858554859144646,0.0004155599399618952,0.29442930236057885,0.0004096462945914384
2460958.9523926903,3.1347315036853645,4.1229503324832235,,,652.4614386616277,170.4,53.02465398117826,PSU25-3-004,,/storage/work/efg5335/IcyMoons/hpf/collected_fits/20251010_0065_Slope-20251010T104040_R01.fits.fr_optimal.fits,-4.537425955553376,11.901968540834073,-5.598220770204398,46.35266244950976,0,0.4780557452698076,0.00048374494664467295,0.24877496178558484,0.00041765688001378886,0.295079449200547,0.00041219629993774454
2460958.9547278094,7.4594087203458255,4.143830107952093,,,670.4779968707429,170.4,53.0411724849401,PSU25-3-004,,/storage/work/efg5335/IcyMoons/hpf/collected_fits/20251010_0066_Slope-20251010T104402_R01.fits.fr_optimal.fits,-21.082634148364036,11.824974375564343,-18.552596817573107,38.31053478749885,0,0.4771436834544057,0.00047195035112580254,0.24773309294262166,0.0004064295417056574,0.29473707612478117,0.0004021457398588448
2460958.957078842,-0.14565501500183495,3.8973005194200443,,,675.6857984931382,170.4,53.057286096640546,PSU25-3-004,,/storage/work/efg5335/IcyMoons/hpf/collected_fits/20251010_0067_Slope-20251010T104725_R01.fits.fr_optimal.fits,-20.32116634548602,11.22269298662713,74.5321973174827,78.39903169986732,3,0.47753858575956776,0.00047171521289723483,0.24805386756457548,0.00040751683190393037,0.29522401357787137,0.00040258168411761385
2460958.959415402,1.5126852381435973,3.9143816331851107,,,702.7780438395183,170.4,53.072786789479636,PSU25-3-004,,/storage/work/efg5335/IcyMoons/hpf/collected_fits/20251010_0068_Slope-20251010T105047_R01.fits.fr_optimal.fits,-8.370508418462917,11.260450348806497,-77.34858719586231,31.94955591409483,8,0.47769890006562227,0.0004460025114906535,0.24862265800078895,0.0003856016066402349,0.29457726248937954,0.0003806646821285735
2460958.961760157,-0.19336801259250166,3.998740462405519,,,673.6349105579369,170.4,53.08782770818292,PSU25-3-004,,/storage/work/efg5335/IcyMoons/hpf/collected_fits/20251010_0069_Slope-20251010T105410_R01.fits.fr_optimal.fits,-16.118235328265033,11.452661373192328,-32.25979903980034,82.25617086591919,2,0.47689183723371303,0.0004710604722865748,0.24854272636395766,0.00040851715157300567,0.2930836396883518,0.0004013522331488995
2460958.964092422,-3.705517872006768,3.9795610483066532,,,626.0894862321472,170.4,53.102278309619514,PSU25-3-004,,/storage/work/efg5335/IcyMoons/hpf/collected_fits/20251010_0070_Slope-20251010T105732_R01.fits.fr_optimal.fits,-17.060205490875365,11.408729341644374,37.328258689363096,32.62519642707527,7,0.4766939547398798,0.0005098553452869857,0.24812865834101347,0.0004414662564683088,0.29535384783263186,0.0004353754911219488
2460958.9664525418,-3.3216882555866043,4.6282095879648875,,,568.2965622533264,170.4,53.11638426066856,PSU25-3-004,,/storage/work/efg5335/IcyMoons/hpf/collected_fits/20251010_0071_Slope-20251010T110055_R01.fits.fr_optimal.fits,-3.3891779492617915,13.399575986597329,-64.02497492705992,80.21625129711211,5,0.4776539183681807,0.0005660216229596027,0.24814411172336032,0.0004916014421370541,0.29487863263653896,0.00048422964828682285
2460958.968763904,5.030846619607676,4.813488704233794,,,523.212846697588,170.4,53.12969524820461,PSU25-3-004,,/storage/work/efg5335/IcyMoons/hpf/collected_fits/20251010_0072_Slope-20251010T110418_R01.fits.fr_optimal.fits,-9.336344050295915,13.880253162069927,65.9390391107737,87.40309853503574,2,0.47741311911217205,0.0006199153549551243,0.24761295505783215,0.0005373271436524588,0.29468050071835844,0.0005296217261732361
2460963.9274021247,1.8612462293324759,4.8607354793222015,,,498.11640743304474,170.4,8.208367302337015,PSU25-3-004,,/storage/work/efg5335/IcyMoons/hpf/collected_fits/20251015_0036_Slope-20251015T100442_R01.fits.fr_optimal.fits,48.889002738856995,14.111396687193302,98.88665760114807,77.18639484509237, ,0.4842856578410346,0.0006164306718336169,0.26142407328841005,0.0005464048587977499,0.29579792913472636,0.0005223374061557761
2460963.9297297373,-2.2370594241130184,4.560076109214366,,,530.1232743136756,170.4,8.121434986787913,PSU25-3-004,,/storage/work/efg5335/IcyMoons/hpf/collected_fits/20251015_0037_Slope-20251015T100805_R01.fits.fr_optimal.fits,31.53482842581646,13.20564733672432,1.7265662074700951,54.96586874385052,9,0.4849650413905336,0.0005796418166423579,0.2609795769615936,0.0005110108890018476,0.2954939070776542,0.0004895874076555986
2460963.9320607893,2.5065772003753595,4.43037168103058,,,550.3688274392118,170.4,8.034616691966951,PSU25-3-004,,/storage/work/efg5335/IcyMoons/hpf/collected_fits/20251015_0038_Slope-20251015T101127_R01.fits.fr_optimal.fits,12.563259483370388,12.970208366857149,20.934120662911276,47.57759800686693,.,0.4860152761339583,0.0005611591569179152,0.26039504328619767,0.0004938250609440982,0.29473246128183517,0.00047276313575987503
2460963.934426406,0.814309424393737,4.424667588109385,,,574.0985966877947,170.4,7.946761484071451,PSU25-3-004,,/storage/work/efg5335/IcyMoons/hpf/collected_fits/20251015_0039_Slope-20251015T101449_R01.fits.fr_optimal.fits,26.649853258922203,12.70571716235499,21.476608490702098,55.48867699435336,0,0.48478281809599877,0.0005364805349762975,0.26125833523632125,0.0004738400577363719,0.2951723095852303,0.0004529043331628197
2460963.936729495,4.5865810855273,4.4301845636691874,,,579.3957972498655,170.4,7.86147298710138,PSU25-3-004,,/storage/work/efg5335/IcyMoons/hpf/collected_fits/20251015_0040_Slope-20251015T101812_R01.fits.fr_optimal.fits,49.086842166001034,12.793330612334424,64.88878851007925,43.329614957121244,1,0.48474937464265805,0.0005342975910717512,0.26045743984975,0.0004703907031336186,0.29560824222480286,0.0004516432742788442
2460963.9391041594,7.833714333229759,4.344981921421986,,,600.7206064229485,170.4,7.773788938107307,PSU25-3-004,,/storage/work/efg5335/IcyMoons/hpf/collected_fits/20251015_0041_Slope-20251015T102134_R01.fits.fr_optimal.fits,32.42885178884034,12.308658553908954,-42.04184150419988,68.3808720111123,7,0.4853739723353369,0.0005162111735319792,0.26135474309311685,0.0004544861721596319,0.29531143872981813,0.00043520034498666674
2460963.9414524427,6.045059723975073,4.217088409800079,,,609.8237965125396,170.4,7.687335981525294,PSU25-3-004,,/storage/work/efg5335/IcyMoons/hpf/collected_fits/20251015_0042_Slope-20251015T102457_R01.fits.fr_optimal.fits,86.94889837298464,12.542842094486838,-9.632757467571137,33.389984734522095,2,0.4860723941915859,0.0005076943626557615,0.2617806816189032,0.0004473802717501106,0.2968342155889084,0.0004293430333667908
2460963.9437981523,12.008259857081898,4.534851389635241,,,617.8502276930899,170.4,7.601235259542773,PSU25-3-004,,/storage/work/efg5335/IcyMoons/hpf/collected_fits/20251015_0043_Slope-20251015T102820_R01.fits.fr_optimal.fits,147.5687647701595,13.856188187218736,24.070911505214262,67.5372438815772,5,0.49668313324006813,0.0004958233936741174,0.26241120465167905,0.0004448199552324395,0.297719596444929,0.00042739555179697504
2460963.9461275823,5.4092016646596015,4.765926862364198,,,626.4191736443811,170.4,7.515989093715945,PSU25-3-004,,/storage/work/efg5335/IcyMoons/hpf/collected_fits/20251015_0044_Slope-20251015T103142_R01.fits.fr_optimal.fits,159.0772540888066,16.13236345506228,-178.68270285196624,92.64865005457719,0,0.4982400670152601,0.0004932634200441186,0.26331970987470354,0.00044184370434229123,0.29776320115870797,0.00042307083985444017
2460963.948469409,11.65881445270478,5.333545767695194,,,627.1193540438701,170.4,7.430549727490279,PSU25-3-004,,/storage/work/efg5335/IcyMoons/hpf/collected_fits/20251015_0045_Slope-20251015T103505_R01.fits.fr_optimal.fits,166.38389761043447,17.508836626347602,-18.55790484035554,26.611571711356007,4,0.49892437861141914,0.000494306580990546,0.26462862805400805,0.00044396392731096317,0.2992455430831843,0.000425059870771319
2460965.9286281164,7.464159947782922,4.477188422983465,,,501.9937413380886,170.4,51.30874452553957,PSU25-3-004,,/storage/work/efg5335/IcyMoons/hpf/collected_fits/20251017_0029_Slope-20251017T100632_R01.fits.fr_optimal.fits,9.533561190051975,12.710807778387524,-41.7679608165184,33.600618079972136,7,0.47864866709569054,0.0006270897887219589,0.2503693950057963,0.0005468033696151125,0.2938563674562205,0.0005347595437850962
2460965.930958777,-4.952248449903944,4.349775403480802,,,531.7074255887014,170.4,51.35041638786043,PSU25-3-004,,/storage/work/efg5335/IcyMoons/hpf/collected_fits/20251017_0030_Slope-20251017T100953_R01.fits.fr_optimal.fits,-3.5546864752425615,12.428977858090423,-29.801243472004924,58.807723962452854, ,0.476649500794566,0.00058940404506126,0.2516618311244533,0.0005147991867402817,0.29664793047024385,0.0005062401514882755
2460965.9333040323,2.1355051886962806,3.969437590147781,,,587.493392783687,170.4,51.39185986051147,PSU25-3-004,,/storage/work/efg5335/IcyMoons/hpf/collected_fits/20251017_0031_Slope-20251017T101316_R01.fits.fr_optimal.fits,-3.640339339879371,11.333361771961076,-60.31728334131135,12.87118831658836,9,0.4783035427499646,0.0005353730050463742,0.250983030580152,0.0004659995241001593,0.2957585330009944,0.00045749656249790735
2460965.9356462583,-5.822039700567566,4.188772018833557,,,540.4170470707395,170.4,51.43276012444089,PSU25-3-004,,/storage/work/efg5335/IcyMoons/hpf/collected_fits/20251017_0032_Slope-20251017T101639_R01.fits.fr_optimal.fits,-30.89753421762175,11.995469396591712,-7.129858738774103,50.189373505867266,.,0.47770160140370643,0.0005647230499383414,0.25140240452390467,0.0004931571057183618,0.29541329903636643,0.0004857178941972568
2460965.938017922,-0.20198316534273594,4.075768579542181,,,559.3262307591168,170.4,51.47367602962173,PSU25-3-004,,/storage/work/efg5335/IcyMoons/hpf/collected_fits/20251017_0033_Slope-20251017T102001_R01.fits.fr_optimal.fits,6.8188940855894735,11.610743812567616,-94.92761583223304,59.37393633270878,0,0.47673662365598746,0.0005474111457665938,0.25043117290657324,0.0004773124289292868,0.29545752531783775,0.00047029763204712113
2460965.940332186,0.95495470649058,4.0647788418127915,,,586.9690860255819,170.4,51.513118478114706,PSU25-3-004,,/storage/work/efg5335/IcyMoons/hpf/collected_fits/20251017_0034_Slope-20251017T102324_R01.fits.fr_optimal.fits,-8.791506386527892,11.630415930896202,4.584999689055971,53.00915870549787,3,0.47659131218942974,0.0005263021529264452,0.25039824874920563,0.0004575536437799173,0.29600427635396076,0.0004519836483938704
2460965.9426441775,1.444003362061321,4.035831915340936,,,570.8620190855704,170.4,51.552045859743785,PSU25-3-004,,/storage/work/efg5335/IcyMoons/hpf/collected_fits/20251017_0035_Slope-20251017T102646_R01.fits.fr_optimal.fits,0.6475457388616336,11.587898467064045,-19.265121444641913,50.51091097991154,0,0.4758125976459538,0.0005421518482658881,0.250586079708646,0.0004734648447510878,0.2958796240232421,0.00046597516843649087
2460965.945026263,1.3114544099155425,4.189117173118569,,,570.7418071778688,170.4,51.59165576919165,PSU25-3-004,,/storage/work/efg5335/IcyMoons/hpf/collected_fits/20251017_0036_Slope-20251017T103009_R01.fits.fr_optimal.fits,-10.731495301939518,11.999708470874417,-64.41659738961715,18.543102923780733,8,0.47735005790964496,0.0005452427242705862,0.25078689886453376,0.0004748376499525594,0.29556027420446046,0.00046772974897224984
2460965.9473417327,-0.7414704405139375,3.889734392246837,,,587.8149164092233,170.4,51.62967415286672,PSU25-3-004,,/storage/work/efg5335/IcyMoons/hpf/collected_fits/20251017_0037_Slope-20251017T103331_R01.fits.fr_optimal.fits,-19.728425634707474,11.120758087609357,-32.0602479176494,53.42158151700835,5,0.4776068706025629,0.0005295179856879908,0.25201817045319813,0.00046218115676475286,0.2954267004302874,0.00045289429974804005
2460965.9496755856,2.5936296519225928,4.702713363055657,,,477.5949677823534,170.4,51.66751203971295,PSU25-3-004,,/storage/work/efg5335/IcyMoons/hpf/collected_fits/20251017_0038_Slope-20251017T103654_R01.fits.fr_optimal.fits,5.2352650777302125,13.53294916069539,-32.7844049992061,78.59562539792292,6,0.47559970921175315,0.0006560614853938714,0.25128245885088873,0.0005754406850036912,0.29553808378325613,0.0005644847818188221
2460965.9520780523,3.583433018705079,4.02023056244336,,,559.8617636495848,170.4,51.70595693530955,PSU25-3-004,,/storage/work/efg5335/IcyMoons/hpf/collected_fits/20251017_0039_Slope-20251017T104017_R01.fits.fr_optimal.fits,-22.653566107421366,11.467476065996033,-34.05675811372837,37.67419980874748,1,0.47564354104660667,0.0005494555996528945,0.2505936429505138,0.0004804889147074403,0.2951359574986617,0.0004722053548021507
2460969.914871146,9.2013013092485,4.629410279069614,,,504.8752932837872,170.4,52.012749900032524,PSU25-3-004,,/storage/work/efg5335/IcyMoons/hpf/collected_fits/20251021_0036_Slope-20251021T094653_R01.fits.fr_optimal.fits,16.698560172126996,13.23072743531743,-34.835865050085005,71.1600160766674,3,0.49116784921201445,0.0006090343344152368,0.2472370004654812,0.0005554157338625226,0.2960539371618073,0.0005293553316125868
2460969.9172760556,-3.6856258429644626,4.369834125785989,,,546.3214100483244,170.4,51.96936819249433,PSU25-3-004,,/storage/work/efg5335/IcyMoons/hpf/collected_fits/20251021_0037_Slope-20251021T095015_R01.fits.fr_optimal.fits,14.839731100779208,12.513835114516013,-46.59028216249247,70.0044205090748, ,0.49205514599348715,0.0005611776619109773,0.256725319750781,0.0005002588977425259,0.2950686308192591,0.0004866893545749056
2460969.919563912,1.3967929722563956,4.128852659465025,,,546.9913120250294,170.4,51.927623399641,PSU25-3-004,,/storage/work/efg5335/IcyMoons/hpf/collected_fits/20251021_0038_Slope-20251021T095338_R01.fits.fr_optimal.fits,12.311673374920678,11.774841933149618,-62.529310770317316,53.401024336461205,9,0.49191894898948507,0.0005656644686361918,0.2576079345818007,0.000506216222453841,0.29643786904816466,0.0004914111660596853
2460969.9219801705,6.196898353310404,4.1160190070773615,,,561.6709430212162,170.4,51.88303505884585,PSU25-3-004,,/storage/work/efg5335/IcyMoons/hpf/collected_fits/20251021_0039_Slope-20251021T095700_R01.fits.fr_optimal.fits,-11.982564332430528,11.763990176052111,20.84654303337081,75.37301373735207,.,0.4915357808529268,0.0005471495884327095,0.2572163115027085,0.0004895934626030451,0.29640129878450683,0.0004757930535244678
2460969.9242831734,-2.836234227048059,3.8887794846495964,,,584.9063100615676,170.4,51.84005953577313,PSU25-3-004,,/storage/work/efg5335/IcyMoons/hpf/collected_fits/20251021_0040_Slope-20251021T100023_R01.fits.fr_optimal.fits,-9.10269875311847,11.116696307176623,-48.051169465858564,50.48792307812375,0,0.49198651665849913,0.0005243304110894483,0.25729493795576264,0.00046793337625959756,0.29642517996318973,0.0004561601434009606
2460969.9266226487,-0.08611865462088025,3.840450389404782,,,614.793087681534,170.4,51.7959282110975,PSU25-3-004,,/storage/work/efg5335/IcyMoons/hpf/collected_fits/20251021_0041_Slope-20251021T100346_R01.fits.fr_optimal.fits,-19.34501955718623,11.03458290544003,14.560128602477679,17.601701275751132,4,0.49098279771515235,0.000499438585486735,0.25714035180136613,0.00044595042554126994,0.2953632167458148,0.00043350900392068653
2460969.928951678,3.049656647416552,3.7141248641228106,,,609.9673362754853,170.4,51.7515198913747,PSU25-3-004,,/storage/work/efg5335/IcyMoons/hpf/collected_fits/20251021_0042_Slope-20251021T100708_R01.fits.fr_optimal.fits,-17.243216796450884,10.602302887729856,-14.201030484075888,66.30064184545682,4,0.48166118742677816,0.0005136690645499854,0.25690869932568444,0.0004502864437064472,0.2963177922847231,0.000439174469118002
2460969.931305325,1.2104935478113588,4.114133917098083,,,538.5476122066198,170.4,51.70616331649935,PSU25-3-004,,/storage/work/efg5335/IcyMoons/hpf/collected_fits/20251021_0043_Slope-20251021T101031_R01.fits.fr_optimal.fits,13.650445212766154,11.71908726548975,32.74739277917275,39.97972029694754,6,0.481725677652879,0.0005849125166952685,0.2590675991014247,0.000517449367351412,0.29483661077964435,0.0005001440664165161
2460969.9336348563,-4.254965969016963,4.218342860924541,,,519.8518949790138,170.4,51.660799172123404,PSU25-3-004,,/storage/work/efg5335/IcyMoons/hpf/collected_fits/20251021_0044_Slope-20251021T101353_R01.fits.fr_optimal.fits,-12.377466194526534,12.007976949298774,92.86539225649152,69.5937579999444,4,0.48090171744733035,0.0006051689166305108,0.2579237728293753,0.0005342568734427975,0.29409804205777257,0.0005161578661214889
2460969.9360036347,-4.851733864289526,4.314850248608382,,,505.48011048446676,170.4,51.61419073910084,PSU25-3-004,,/storage/work/efg5335/IcyMoons/hpf/collected_fits/20251021_0045_Slope-20251021T101716_R01.fits.fr_optimal.fits,-7.936722297679191,12.38621780611267,41.43327201060277,61.266832330027555,9,0.48167175985357813,0.000621378570551847,0.2574267395056119,0.000548142105932853,0.29571880202158685,0.000532277593640826
2460969.938354255,-12.393224938183716,4.397714516303342,,,482.035743785897,170.4,51.567462827031406,PSU25-3-004,,/storage/work/efg5335/IcyMoons/hpf/collected_fits/20251021_0046_Slope-20251021T102038_R01.fits.fr_optimal.fits,-7.709522241291171,12.535092153699388,25.880420854074163,48.59293529786726,1,0.48053548220022557,0.000649205693939749,0.2580423768358933,0.0005752980500960097,0.2953839007752352,0.0005571972812860755
2460974.905377248,2.355001560261733,3.7222552534799154,,,683.2649814837071,170.4,-0.1920127617571325,PSU25-3-004,,/storage/work/efg5335/IcyMoons/hpf/collected_fits/20251026_0044_Slope-20251026T093318_R01.fits.fr_optimal.fits,10.030421911018832,10.786768712672393,-4.710221631429697,32.177267058245235,3,0.48235660552327275,0.0004508914733880582,0.26062755627803913,0.0003937082791430864,0.29483247359860915,0.00037966253003405144
2460974.907700818,2.8472923398649623,3.7627561090857244,,,734.6499245015154,170.4,-0.22798444093043985,PSU25-3-004,,/storage/work/efg5335/IcyMoons/hpf/collected_fits/20251026_0045_Slope-20251026T093640_R01.fits.fr_optimal.fits,-14.801797128574194,10.767656104187063,12.509131992085248,96.13050302762946, ,0.4823669037539215,0.0004227616391180564,0.2601289448671446,0.0003692001064663744,0.2948056934109894,0.0003561493326807782
2460974.9100526995,1.434335832040547,3.7040702008643405,,,760.6749708496693,170.4,-0.26399879936067316,PSU25-3-004,,/storage/work/efg5335/IcyMoons/hpf/collected_fits/20251026_0046_Slope-20251026T094003_R01.fits.fr_optimal.fits,-39.06184918451244,10.719002451700884,18.557502183564804,57.47881945272074,9,0.48138901668695594,0.0004052522622985735,0.2600533294334533,0.0003541711760204326,0.29472713204709566,0.0003418342970463045
2460974.9123690287,3.466859047165669,3.6546614236536974,,,780.2956236354921,170.4,-0.2990782135017931,PSU25-3-004,,/storage/work/efg5335/IcyMoons/hpf/collected_fits/20251026_0047_Slope-20251026T094325_R01.fits.fr_optimal.fits,-25.3110225098547,10.470952902895263,35.894574988166895,74.81997264151772,.,0.4814840477933593,0.0003928406934298458,0.2598653120559728,0.00034271486471691264,0.2946855647885389,0.00033147954498558187
2460974.91467153,4.675955787393594,3.6617059301815877,,,788.5554682285547,170.4,-0.3335626041681078,PSU25-3-004,,/storage/work/efg5335/IcyMoons/hpf/collected_fits/20251026_0048_Slope-20251026T094648_R01.fits.fr_optimal.fits,-34.75270855307542,10.591925674159443,-54.26160619573088,52.48493695224786,0,0.48169592474403583,0.0003762306896603018,0.25980919596281543,0.0003279908687788418,0.2942626882691562,0.00031711854983551546
2460974.91703222,7.3685895591878205,3.6493063663877487,,,787.3695959131472,170.4,-0.36851779028475934,PSU25-3-004,,/storage/work/efg5335/IcyMoons/hpf/collected_fits/20251026_0049_Slope-20251026T095010_R01.fits.fr_optimal.fits,-16.895154628799492,10.64782924199032,-41.060021478229515,34.82093118245487,5,0.4822202820082251,0.00037931366705742394,0.26082764638297257,0.0003316762110010681,0.2940154613804078,0.0003194659863623413
2460974.9193780576,3.4864726622360394,3.7236802703207816,,,785.3301154952553,170.4,-0.4028496053426476,PSU25-3-004,,/storage/work/efg5335/IcyMoons/hpf/collected_fits/20251026_0050_Slope-20251026T095333_R01.fits.fr_optimal.fits,-21.454094848981338,10.911437662961351,-26.743439955932608,2.870023574615546,8,0.4810378621894313,0.00038216109242249316,0.26015562851947116,0.00033402217621442457,0.2940879130838939,0.00032234114775624585
2460974.9216650543,5.009511817244263,3.984781765696268,,,790.4855335836259,170.4,-0.4359316227109012,PSU25-3-004,,/storage/work/efg5335/IcyMoons/hpf/collected_fits/20251026_0051_Slope-20251026T095656_R01.fits.fr_optimal.fits,-36.5586962496252,11.620550547035505,105.04247420118654,41.302977126708164,6,0.48116119365097487,0.0003741606346461173,0.25955846606719896,0.0003269933268666971,0.2957569170146944,0.0003165341474507555
2460974.924072258,1.7069818474317475,3.752761562671556,,,775.249079163703,170.4,-0.47033631777667967,PSU25-3-004,,/storage/work/efg5335/IcyMoons/hpf/collected_fits/20251026_0052_Slope-20251026T100018_R01.fits.fr_optimal.fits,-30.68988703041128,11.38803244889925,11.332711244319016,36.12059109837659,3,0.48249519654309686,0.00040349755810673303,0.2594865031414579,0.00035183371698680594,0.29469607555034927,0.00033970576374737257
2460974.9264373383,-4.361184426890524,3.930707155645975,,,739.7608851750094,170.4,-0.5037216801247251,PSU25-3-004,,/storage/work/efg5335/IcyMoons/hpf/collected_fits/20251026_0053_Slope-20251026T100341_R01.fits.fr_optimal.fits,-32.11631050349284,11.644653044738668,-78.17054051236427,65.08222242297002,5,0.4819613161694792,0.00042592454397797985,0.2603636808420912,0.0003723856259552036,0.2943437724392994,0.00035885243992320843
2460974.928770827,-1.4734898459486365,3.941412485598777,,,693.4781655539782,170.4,-0.5362541482029526,PSU25-3-004,,/storage/work/efg5335/IcyMoons/hpf/collected_fits/20251026_0054_Slope-20251026T100704_R01.fits.fr_optimal.fits,-44.1523204837755,11.512698437747526,-16.984263110527476,55.51567476561377,3,0.4816601224332038,0.00045475061649972277,0.2596475836008133,0.00039772524014320163,0.2952639003679409,0.0003841825378397599
2461011.8008633414,-7.068673589915316,4.387514413097392,,,649.0117652587353,127.8,33.599313964766196,PSU26-1-004,,/storage/work/efg5335/IcyMoons/hpf/collected_fits/20251202_0040_Slope-20251202T070610_R01.fits.fr_optimal.fits,5.885995069190927,12.347724025417435,46.958001544805285,41.54101755745135,6,0.4814233774379545,0.0004737835869599404,0.25323737755203357,0.0004144784075900132,0.29558886640570625,0.00040434743111764874
2461011.8026818004,-7.690640891901949,4.39394245562096,,,595.3248681732221,127.8,33.667952666028015,PSU26-1-004,,/storage/work/efg5335/IcyMoons/hpf/collected_fits/20251202_0041_Slope-20251202T070849_R01.fits.fr_optimal.fits,20.23629431113025,12.307856288953849,80.50425235733702,33.41337184694581, ,0.48239505511447356,0.0005188800933144207,0.2522830626872052,0.0004524217548364359,0.2945825924910034,0.0004411632787168292
2461011.804575647,-3.6379838882385287,4.15490648316153,,,624.9093091968884,127.8,33.739223447368374,PSU26-1-004,,/storage/work/efg5335/IcyMoons/hpf/collected_fits/20251202_0042_Slope-20251202T071129_R01.fits.fr_optimal.fits,-21.342780406060506,11.676632794595829,19.02889326828138,87.27504346320661,9,0.48107874354622154,0.0004955432914115034,0.25321217216262004,0.00043291621453953586,0.2952690274152424,0.0004224061025189556
2461011.8064000537,-2.1926671591984452,4.032117029499883,,,695.1399432222554,127.8,33.80767476621319,PSU26-1-004,,/storage/work/efg5335/IcyMoons/hpf/collected_fits/20251202_0043_Slope-20251202T071409_R01.fits.fr_optimal.fits,-24.40900506760191,11.250552984543774,48.68849966232715,53.6153178163334,.,0.48154122776504604,0.0004475780689350272,0.25257601518739636,0.0003893837920574987,0.2940217793089153,0.0003797930252217364
2461011.8082457944,-7.13263542944326,4.091604381117836,,,693.2595471407393,127.8,33.876720318345704,PSU26-1-004,,/storage/work/efg5335/IcyMoons/hpf/collected_fits/20251202_0044_Slope-20251202T071649_R01.fits.fr_optimal.fits,-6.840371362575721,11.505733532675023,109.89175625411532,20.78615719377368,0,0.4817442302228462,0.00044951177803575533,0.253465309312322,0.0003917350834179118,0.294818719115034,0.0003825870201080394
2461011.810083785,8.587835532775548,4.3785402448794315,,,614.1316478399293,127.8,33.94526945084522,PSU26-1-004,,/storage/work/efg5335/IcyMoons/hpf/collected_fits/20251202_0045_Slope-20251202T071929_R01.fits.fr_optimal.fits,-14.062270739752263,12.329911442674065,-23.285306116869663,36.052244181699855,7,0.48148541175908344,0.000510217314823904,0.2529740043306939,0.0004453245333996894,0.2950848934035767,0.00043488767676790426
2461011.81195798,-4.986431392082167,4.283805974352767,,,612.262912418591,127.8,34.01495643387754,PSU26-1-004,,/storage/work/efg5335/IcyMoons/hpf/collected_fits/20251202_0046_Slope-20251202T072209_R01.fits.fr_optimal.fits,-12.94221653965186,11.95542965115591,33.002946704993576,55.17012603394847,2,0.4824026341556338,0.000511245197033815,0.25362436601539745,0.00044769194353233555,0.2945508765059784,0.00043422938542150337
2461011.8137837118,6.825455216938608,4.323186329172445,,,593.2114285963527,127.8,34.08263482764468,PSU26-1-004,,/storage/work/efg5335/IcyMoons/hpf/collected_fits/20251202_0047_Slope-20251202T072449_R01.fits.fr_optimal.fits,-2.3273456608225627,12.073557700681635,108.86339162734238,13.794009088871254,8,0.48217025509188494,0.0005311356665637436,0.2526453397637598,0.0004631210457599137,0.2954246796703126,0.00045211510253234866
2461011.815654149,-1.4386320389926976,4.497199149202045,,,591.4136113168786,127.8,34.15175874446446,PSU26-1-004,,/storage/work/efg5335/IcyMoons/hpf/collected_fits/20251202_0048_Slope-20251202T072728_R01.fits.fr_optimal.fits,0.5134514820606744,12.589062875559422,111.08403209521425,36.75959600969505,1,0.4814857191663007,0.0005298438139389517,0.25365018265170663,0.000463808033829448,0.2945142773055237,0.0004512134445321135
2461011.8174949065,-7.1970254884005005,4.421223796856668,,,579.1433451625849,127.8,34.219576314541904,PSU26-1-004,,/storage/work/efg5335/IcyMoons/hpf/collected_fits/20251202_0049_Slope-20251202T073009_R01.fits.fr_optimal.fits,-8.949838537051276,12.284268055755021,53.292473152409684,83.64751513973602,9,0.4822791410517129,0.0005425797150254932,0.2529382958184151,0.00047418973053257147,0.2944227222068217,0.0004621500709114987
2461011.819325793,-2.817859730254405,4.880713042645554,,,502.3042820536523,127.8,34.28682384867758,PSU26-1-004,,/storage/work/efg5335/IcyMoons/hpf/collected_fits/20251202_0050_Slope-20251202T073248_R01.fits.fr_optimal.fits,-0.7907504481868652,13.495950338787635,-15.042414125750252,77.79243654214406,9,0.48192761160186903,0.0006436180713939149,0.2519884178481683,0.0005671921582508184,0.2939720375194474,0.0005488778285791188
2461011.82123482,2.058082662580858,4.521170306171775,,,551.9981047941326,127.8,34.3567219054948,PSU26-1-004,,/storage/work/efg5335/IcyMoons/hpf/collected_fits/20251202_0051_Slope-20251202T073528_R01.fits.fr_optimal.fits,-17.90070285301972,12.53427745258999,76.85922678000402,75.3151189721661,8,0.481209763598158,0.0005747475237334275,0.2531166691157352,0.0005051523807551211,0.2948665946643667,0.000489881281151964
2461011.8230329263,-0.08330917958486664,4.473303149659824,,,571.3629428177303,127.8,34.422353535714976,PSU26-1-004,,/storage/work/efg5335/IcyMoons/hpf/collected_fits/20251202_0052_Slope-20251202T073808_R01.fits.fr_optimal.fits,13.373114783429651,12.511039761957809,95.98576881676757,60.35063247996423,"
",0.4812635287469934,0.0005557109890652021,0.25329071599916825,0.00048817551748771894,0.29554624463045887,0.00047435129348527403
2461011.824920489,-3.9708225473040173,4.374795122014616,,,572.2245275640194,127.8,34.491035882890735,PSU26-1-004,,/storage/work/efg5335/IcyMoons/hpf/collected_fits/20251202_0053_Slope-20251202T074048_R01.fits.fr_optimal.fits,-14.199939029387707,12.274551688801349,1.801018930169168,42.845359198565944, ,0.49147441382659884,0.0005423940643984107,0.2529553831672058,0.00048349005727009654,0.2952004759008822,0.00047046209706071585
2461011.826745325,-1.5602221010894906,4.430967958526162,,,605.7572060716586,127.8,34.55722676641521,PSU26-1-004,,/storage/work/efg5335/IcyMoons/hpf/collected_fits/20251202_0054_Slope-20251202T074328_R01.fits.fr_optimal.fits,-27.43531079027227,12.570426348328152,-13.691286334317436,37.42072873649183,9,0.4909498587882974,0.0005092499691472621,0.2529378261334394,0.00045341489857124917,0.29499002661549295,0.0004423783393239383
2461022.9714480606,-3.266592380386285,4.096812279127335,,,679.796710152019,127.8,40.26601558040224,PSU26-1-004,,/storage/work/efg5335/IcyMoons/hpf/collected_fits/20251213_0049_Slope-20251213T111310_R01.fits.fr_optimal.fits,-27.692168949784417,11.840172088774617,114.1248151361087,47.44529415776546,.,0.49105713078203383,0.0004525774933034429,0.25703307993694197,0.00040401461987874427,0.29526694338996634,0.00039271301290783083
2461022.9732788373,-1.3842715983642764,3.74943543039943,,,676.5206446592917,127.8,40.26585262884923,PSU26-1-004,,/storage/work/efg5335/IcyMoons/hpf/collected_fits/20251213_0050_Slope-20251213T111550_R01.fits.fr_optimal.fits,-30.744296492744528,10.690028512462488,-29.187407607397326,15.528871338312218,0,0.4900514660958523,0.0004587091352076463,0.2562796167984185,0.00041036788671188303,0.2944080755256009,0.0003977231075928645
2461022.9751431965,5.523622124817862,3.8422577038521744,,,640.9770233120349,127.8,40.26542625538768,PSU26-1-004,,/storage/work/efg5335/IcyMoons/hpf/collected_fits/20251213_0051_Slope-20251213T111830_R01.fits.fr_optimal.fits,-31.5538258030209,10.82305542669337,-91.07575408200724,32.31145983120879,8,0.49052741505631653,0.00048494035896399563,0.25671786402745594,0.0004342402482503101,0.29495539512646585,0.0004207165446260889
2461022.977037608,2.9311482525578674,3.6520715421220116,,,650.3872948433154,127.8,40.264724336515016,PSU26-1-004,,/storage/work/efg5335/IcyMoons/hpf/collected_fits/20251213_0052_Slope-20251213T112110_R01.fits.fr_optimal.fits,-35.61748994752329,10.386118486483623,28.050680563859906,58.93215554769807,7,0.4908335591656166,0.00047521820271695695,0.2559298568449042,0.0004241211784124288,0.2948736954714715,0.00041253900646402193
2461022.97886179,0.38293870585113343,3.7705665954269594,,,756.1338655266192,127.8,40.26379296948592,PSU26-1-004,,/storage/work/efg5335/IcyMoons/hpf/collected_fits/20251213_0053_Slope-20251213T112350_R01.fits.fr_optimal.fits,-43.29738867585293,10.811861419376777,30.570860212578303,19.322540596569052,2,0.48923573864495334,0.00040579868902585473,0.25651819416066285,0.0003623380114462317,0.29482354805598726,0.0003521026677156916
2461022.980686952,-8.007137063740522,3.6482868498119143,,,745.2274630042966,127.8,40.26261073354305,PSU26-1-004,,/storage/work/efg5335/IcyMoons/hpf/collected_fits/20251213_0054_Slope-20251213T112630_R01.fits.fr_optimal.fits,-46.20846014532357,10.440829649777688,39.45725302195788,75.70666247650189,0,0.4904189987251023,0.0004172603963404597,0.2562248491152845,0.0003718545697185379,0.2950731974704788,0.0003619329227404398
2461022.9825469977,-4.406154425188676,3.782998751474707,,,675.611541061769,127.8,40.261148716711595,PSU26-1-004,,/storage/work/efg5335/IcyMoons/hpf/collected_fits/20251213_0055_Slope-20251213T112910_R01.fits.fr_optimal.fits,-18.859737796444662,10.780151451098623,78.80960200704675,18.29803227378128,8,0.4901242308908245,0.00045943179519321065,0.25763346478163185,0.0004114526724562242,0.2944708918680272,0.0003981188473721568
2461022.984376743,-5.500292442162935,3.9029153865071935,,,763.6437401892879,127.8,40.259457680084275,PSU26-1-004,,/storage/work/efg5335/IcyMoons/hpf/collected_fits/20251213_0056_Slope-20251213T113150_R01.fits.fr_optimal.fits,-64.91014131921831,11.08055249656611,-53.459330135034854,69.68653469133349,6,0.4895349069933609,0.00040766513519190117,0.2570424949854002,0.0003639394861614361,0.2939009259802075,0.00035278173881509296
2461022.9862396307,-1.5940640007591806,3.7134138376222103,,,703.4208363831945,127.8,40.25747888527654,PSU26-1-004,,/storage/work/efg5335/IcyMoons/hpf/collected_fits/20251213_0057_Slope-20251213T113430_R01.fits.fr_optimal.fits,-42.91876297831662,10.568458511462412,64.76539964204177,76.18217662529666,2,0.48960751508109035,0.00044248472432654854,0.2562804733843166,0.000395703157436648,0.29503788111672746,0.00038438096826580535
2461022.9881319627,-3.8942223882169036,3.9904040676221704,,,750.2612831057515,127.8,40.25520369404984,PSU26-1-004,,/storage/work/efg5335/IcyMoons/hpf/collected_fits/20251213_0058_Slope-20251213T113710_R01.fits.fr_optimal.fits,-20.695909676426236,11.509168535747115,105.02506866350507,88.59747260792409, ,0.49085968699504695,0.0004128790639575909,0.25698597949658025,0.00036851437742569217,0.2945183343718245,0.00035757827672778776
2461022.9899421176,-1.8441586862411916,3.7072213454245833,,,751.5426642857401,127.8,40.25277773202056,PSU26-1-004,,/storage/work/efg5335/IcyMoons/hpf/collected_fits/20251213_0059_Slope-20251213T113949_R01.fits.fr_optimal.fits,-67.24034446749906,10.411079853114588,-80.8548308627303,31.777135068904983,9,0.4896365925544936,0.0004147707912089608,0.25669081160269114,0.00037042416851301095,0.2939200632725539,0.0003591117175931794
2461022.9917609994,-12.932541082962016,4.322075667964861,,,777.7559487103605,127.8,40.25009472955676,PSU26-1-004,,/storage/work/efg5335/IcyMoons/hpf/collected_fits/20251213_0060_Slope-20251213T114229_R01.fits.fr_optimal.fits,-52.0406082479434,12.472928131368535,-220.23336097472009,199.775754087871,.,0.4902960238134838,0.00040107543170383954,0.25712140740804595,0.0003584088466162551,0.29408431454699424,0.0003468913721371213
2461022.9936556453,-1.1776004125885646,3.769857218524347,,,708.2475832965567,127.8,40.24703894157098,PSU26-1-004,,/storage/work/efg5335/IcyMoons/hpf/collected_fits/20251213_0061_Slope-20251213T114509_R01.fits.fr_optimal.fits,-31.462833422544662,10.633306073280744,73.38981613569682,45.17281551690454,1,0.4903552250627887,0.00044139062613263706,0.2560599372102297,0.0003940629024259376,0.29471036531971967,0.00038301535626893043
2461022.995517199,-8.181584841896802,3.852074855931462,,,683.1963503789909,127.8,40.243777598229315,PSU26-1-004,,/storage/work/efg5335/IcyMoons/hpf/collected_fits/20251213_0062_Slope-20251213T114749_R01.fits.fr_optimal.fits,-30.084715267730942,10.970690252568804,91.78843788541882,44.88132910875358,0,0.4905644033366382,0.00045647462679011954,0.25667540882851025,0.0004076947642730784,0.29411879328516183,0.00039490373852427634
2461022.9973547747,-0.12445884622190477,3.795776593258897,,,663.0343253428783,127.8,40.24030702594885,PSU26-1-004,,/storage/work/efg5335/IcyMoons/hpf/collected_fits/20251213_0063_Slope-20251213T115029_R01.fits.fr_optimal.fits,-25.092486997671084,10.832700473759532,-0.644372359402541,84.50208828730187,1,0.4900107491539313,0.0004682601018289331,0.2567060604016205,0.00041924778902599084,0.2937121831720474,0.0004051353074849233
2461049.8860301594,-11.466346829394858,4.29941072264763,,,634.1773891211076,127.8,-25.802427661735212,PSU26-1-004,,/storage/work/efg5335/IcyMoons/hpf/collected_fits/20260109_0052_Slope-20260109T091350_R01.fits.fr_optimal.fits,-8.650865540924261,13.149720641844777,-55.96063408788732,60.43856291320444,8,0.49081990193825825,0.0004774992815885478,0.261415428652891,0.0004244225781596251,0.2959737895107534,0.0004111985156362034
2461049.887884293,-11.042295978150435,4.0053177347228335,,,682.8693734867131,127.8,-25.766776332790332,PSU26-1-004,,/storage/work/efg5335/IcyMoons/hpf/collected_fits/20260109_0053_Slope-20260109T091629_R01.fits.fr_optimal.fits,-12.373612141992849,12.303875119846028,-45.850184060541274,119.44503009399799,0,0.4909850616945078,0.00044389972801515027,0.2621694308832096,0.0003940211550649586,0.29576297822731146,0.00038200616305715957
2461049.889733903,-6.960353930955751,4.0511044927173945,,,676.6514111069534,127.8,-25.730910731568468,PSU26-1-004,,/storage/work/efg5335/IcyMoons/hpf/collected_fits/20260109_0054_Slope-20260109T091909_R01.fits.fr_optimal.fits,-31.096355370987908,12.36736264877646,9.804049162403386,27.542103354532337,7,0.4913890190822901,0.0004489048145860996,0.2617837918739637,0.00039804302497976164,0.29543632843789663,0.00038570931379412374
2461049.8915824285,-5.876652335465238,4.61214930023892,,,587.1853609598307,127.8,-25.694765480961724,PSU26-1-004,,/storage/work/efg5335/IcyMoons/hpf/collected_fits/20260109_0055_Slope-20260109T092149_R01.fits.fr_optimal.fits,-9.76569611933126,14.138778213031399,15.327772388866553,97.38236923978991,3,0.489185709006478,0.0005173947843019956,0.26084878427328495,0.00046013683115469784,0.2957216425513675,0.0004468507704333815
2461049.8934147754,-13.157347850131636,4.708605044795814,,,573.5996219960713,127.8,-25.65863987929057,PSU26-1-004,,/storage/work/efg5335/IcyMoons/hpf/collected_fits/20260109_0056_Slope-20260109T092429_R01.fits.fr_optimal.fits,-9.75659252818526,14.43451454177409,18.298189349559657,113.4012122679601,1,0.49106312662670637,0.0005368657991467118,0.25204320444072037,0.00048584386605871906,0.2836297170930126,0.0004687124638182176
2461049.89524381,-5.034109008352903,5.124864727390961,,,489.74826893325724,127.8,-25.622285052862836,PSU26-1-004,,/storage/work/efg5335/IcyMoons/hpf/collected_fits/20260109_0057_Slope-20260109T092709_R01.fits.fr_optimal.fits,39.78959963563042,15.64787084520806,-6.265653434074024,115.94823151210983, ,0.4889123176107656,0.0006336829420945477,0.25025490452410715,0.0005760101344411009,0.2840458584728507,0.0005566546972784357
2461049.8971296507,-7.360002313529042,4.4391801968092715,,,605.5850778002958,127.8,-25.584492906204307,PSU26-1-004,,/storage/work/efg5335/IcyMoons/hpf/collected_fits/20260109_0058_Slope-20260109T092949_R01.fits.fr_optimal.fits,-41.46934567304772,13.602811982699127,-3.5189449224601206,66.88642887849137,9,0.4907951368110485,0.0005078144441663715,0.2523444051058429,0.0004604838171207506,0.2833484114838155,0.0004437710205586269
2461049.8989703665,-9.885938046754726,4.592325905369767,,,578.5937386427793,127.8,-25.547303316774524,PSU26-1-004,,/storage/work/efg5335/IcyMoons/hpf/collected_fits/20260109_0059_Slope-20260109T093229_R01.fits.fr_optimal.fits,-19.356190263573435,13.97481448307764,32.72152726396141,59.71923011205983,.,0.49045717872514827,0.0005312862391169739,0.2518919905124298,0.0004812472325404705,0.28287628997606024,0.00046458551074225605
2461049.9008187554,-6.532832134100725,4.410538639546216,,,567.5968410337294,127.8,-25.509658759600825,PSU26-1-004,,/storage/work/efg5335/IcyMoons/hpf/collected_fits/20260109_0060_Slope-20260109T093508_R01.fits.fr_optimal.fits,-17.546394771801264,13.449013334694483,-7.675536160413548,43.209487263936474,1,0.49032090655602434,0.0005435296714862821,0.26164487567658157,0.00048451481121550717,0.2837892022846456,0.0004755747770755382
2461049.9026572155,-3.6960220531502124,4.973774951669932,,,531.3722665150332,127.8,-25.47191828500848,PSU26-1-004,,/storage/work/efg5335/IcyMoons/hpf/collected_fits/20260109_0061_Slope-20260109T093748_R01.fits.fr_optimal.fits,-28.905956465031835,15.174564031496834,-32.598629818629206,96.93276047772399,1,0.4894754548834741,0.0005822323738845495,0.2614073945098709,0.0005199672699257623,0.28312092473830885,0.0005102907305176066
2461049.904534865,-7.811965806784235,4.350916404894714,,,646.2574823103561,127.8,-25.43306643166739,PSU26-1-004,,/storage/work/efg5335/IcyMoons/hpf/collected_fits/20260109_0062_Slope-20260109T094028_R01.fits.fr_optimal.fits,-30.45482898839585,13.246152716538155,-41.8457150172739,45.060330745556364,6,0.48998675597920616,0.00047379444897336395,0.26118913477768985,0.00042103911006692276,0.28309101135479725,0.0004146297577046559
2461049.9063648256,-15.388406349948966,4.2409467964187995,,,622.5195160953876,127.8,-25.39490299036138,PSU26-1-004,,/storage/work/efg5335/IcyMoons/hpf/collected_fits/20260109_0063_Slope-20260109T094308_R01.fits.fr_optimal.fits,-15.140572785468235,12.89578577251402,-32.00629617897114,69.05526454366722,6,0.4904623476346579,0.0004983099608895514,0.2613485672865991,0.00044198755785970013,0.2838464149897359,0.00043588000945012057
2461049.908212433,-7.83688555915156,4.2852096711753545,,,608.5370535156696,127.8,-25.356072759776108,PSU26-1-004,,/storage/work/efg5335/IcyMoons/hpf/collected_fits/20260109_0064_Slope-20260109T094548_R01.fits.fr_optimal.fits,-6.463944182257718,13.018927115195716,-5.375994398597562,101.79555590392852,2,0.4892976118209097,0.0005071170179374924,0.2623726572360231,0.00045281744683015507,0.2959801362352691,0.00043743641214639934
2461049.910119958,-13.13575018775675,4.189911898956826,,,650.5781078378536,127.8,-25.315668388466396,PSU26-1-004,,/storage/work/efg5335/IcyMoons/hpf/collected_fits/20260109_0065_Slope-20260109T094828_R01.fits.fr_optimal.fits,-36.11266808002187,12.712856140672761,13.186500323273062,73.92096246203663,2,0.4902449980504866,0.00046767354838819135,0.2625918997984836,0.00041625064874499485,0.2954583504497368,0.000402043514017849
2461049.911954224,-4.500172046360257,4.06524469909092,,,640.9528012363974,127.8,-25.276514037580494,PSU26-1-004,,/storage/work/efg5335/IcyMoons/hpf/collected_fits/20260109_0066_Slope-20260109T095108_R01.fits.fr_optimal.fits,-20.66636168527724,12.33535634268367,-66.89131382187247,63.39043032478151,2,0.49070519170054405,0.00047825177622013945,0.2610468052255558,0.0004238905314712239,0.29563019311453487,0.0004111711301686972
2461051.879151782,14.570954248181975,15.24823867713066,,,166.2760513377814,127.8,16.455187405936066,PSU26-1-004,,/storage/work/efg5335/IcyMoons/hpf/collected_fits/20260111_0045_Slope-20260111T090438_R01.fits.fr_optimal.fits,58.66854390397111,44.229675890662456,41.0589415486199,133.99535617045723,9,0.4823205441433382,0.00198055340916867,0.2558561377009896,0.0019301833651285828,0.2969147000102791,0.0018030271843631396
2461051.8831207007,8.636520516416814,5.000583440991346,,,502.3450548509261,127.8,16.304985396104758,PSU26-1-004,,/storage/work/efg5335/IcyMoons/hpf/collected_fits/20260111_0046_Slope-20260111T090957_R01.fits.fr_optimal.fits,13.490664123802997,14.645458593122987,-189.91777052581716,67.74737331013787, ,0.4810858245355525,0.0006014783358644089,0.25973592552975855,0.0005367306210576506,0.29479202865749654,0.0005176052801033935
2461051.8849907992,-1.9317914627904296,4.844817543389049,,,520.4281583582019,127.8,16.23394500331705,PSU26-1-004,,/storage/work/efg5335/IcyMoons/hpf/collected_fits/20260111_0047_Slope-20260111T091237_R01.fits.fr_optimal.fits,4.036012774146264,14.189393754911269,-37.07456456306277,47.242752899329254,9,0.48216672251883563,0.0005844464742796052,0.25931686396311143,0.0005195400316650771,0.2954490001072145,0.000501289691804905
2461051.886847988,-0.750099297677245,4.852520983200001,,,504.1657111675229,127.8,16.16322713221631,PSU26-1-004,,/storage/work/efg5335/IcyMoons/hpf/collected_fits/20260111_0048_Slope-20260111T091517_R01.fits.fr_optimal.fits,21.31344551866005,14.162434239994532,32.29007616519816,54.907992074339674,.,0.49030753872938054,0.0005888571663893049,0.2591706875463126,0.000534402142875208,0.29536138311164417,0.0005158439368792129
2461051.888707353,-0.04831332839175886,5.976491856553744,,,390.7482406215438,127.8,16.092260003196966,PSU26-1-004,,/storage/work/efg5335/IcyMoons/hpf/collected_fits/20260111_0049_Slope-20260111T091757_R01.fits.fr_optimal.fits,6.766182426026597,17.543936993582573,-179.15335909565047,82.70739834451282,1,0.48952905318425716,0.0007402369673142064,0.25999337038894216,0.0006769833847127031,0.2937678297983325,0.0006520615237260708
2461051.890556173,64.62605458205189,49.783485974547204,,,160.59260755899965,127.8,16.02153141216514,PSU26-1-004,,/storage/work/efg5335/IcyMoons/hpf/collected_fits/20260111_0050_Slope-20260111T092037_R01.fits.fr_optimal.fits,201.6442402228121,144.20143819905365,-2671.8963418059348,303.84679748243815,3,0.49115046696560694,0.0018760490784832781,0.2589524758779423,0.0018352207466053704,0.29647868207262446,0.0017236611600245934
2461051.892420244,-1.0114194162711518,4.138809245479281,,,629.0992488334875,127.8,15.950055070409778,PSU26-1-004,,/storage/work/efg5335/IcyMoons/hpf/collected_fits/20260111_0051_Slope-20260111T092317_R01.fits.fr_optimal.fits,5.51359875929495,12.199999508459486,30.555239628220825,22.540719615953666,1,0.49069418451804786,0.0005040543574346548,0.25961665168467424,0.00045363780904085987,0.29438840122493154,0.00043596939664704277
2461051.8941958225,0.3800905519862884,3.988842017470046,,,679.4367411622445,127.8,15.881819503167007,PSU26-1-004,,/storage/work/efg5335/IcyMoons/hpf/collected_fits/20260111_0052_Slope-20260111T092557_R01.fits.fr_optimal.fits,14.969441607319723,11.776214975436302,-32.20699731517469,74.40452015353398,6,0.49105570292759476,0.0004578963301400629,0.2597069957467454,0.0004115845937244145,0.29555475566673256,0.0003973857869872159
2461051.8960885485,4.4437591514363195,4.3978359016131785,,,597.2186462069433,127.8,15.808919462181343,PSU26-1-004,,/storage/work/efg5335/IcyMoons/hpf/collected_fits/20260111_0053_Slope-20260111T092836_R01.fits.fr_optimal.fits,5.576460932713429,12.975002063353354,168.56851042786082,34.029391080693145,6,0.4910348411231618,0.0005196923529303035,0.259399697973906,0.00046901579729225927,0.28412803137854353,0.00045986415731159814
2461051.897940398,14.867855755622209,4.148982812763929,,,654.74060651692,127.8,15.737432666164983,PSU26-1-004,,/storage/work/efg5335/IcyMoons/hpf/collected_fits/20260111_0054_Slope-20260111T093116_R01.fits.fr_optimal.fits,-41.81674495361522,12.309357552479561,-8.038078373208108,16.79115794128636,0,0.49169672762359434,0.00047754788331278055,0.2593326428781172,0.0004288905642716291,0.28288202663074624,0.00042056830006129
2461051.899790587,-1.910386951311149,4.646955213060221,,,553.6305253902485,127.8,15.665851464673015,PSU26-1-004,,/storage/work/efg5335/IcyMoons/hpf/collected_fits/20260111_0055_Slope-20260111T093356_R01.fits.fr_optimal.fits,19.864929186468064,13.803862383178602,-3.753979055790287,45.622388976588404,0,0.49117118570756646,0.000561782771466278,0.25987161160060795,0.0005092305259611922,0.28457337196452415,0.0004988963700453946
2461051.9016378107,3.98532398211006,4.4967256467245456,,,576.3825281827526,127.8,15.594227884575321,PSU26-1-004,,/storage/work/efg5335/IcyMoons/hpf/collected_fits/20260111_0056_Slope-20260111T093636_R01.fits.fr_optimal.fits,21.01933602741747,13.376435310861952,-30.597688556390164,74.9046994447175,4,0.4894522254587468,0.0005419704795961685,0.2598922911036194,0.0004898982535587616,0.28386427634905237,0.0004804716723772058
2461051.903497007,5.632511085024442,5.234232645612966,,,485.6436896180944,127.8,15.521983158697067,PSU26-1-004,,/storage/work/efg5335/IcyMoons/hpf/collected_fits/20260111_0057_Slope-20260111T093916_R01.fits.fr_optimal.fits,-12.677064126915191,15.611443269540782,-26.996886979099123,81.33168937345232, ,0.4911835514687186,0.000650724756669783,0.2598749498440671,0.0005900350946536429,0.2835241506392537,0.0005767295055252638
2461051.9053423796,-0.028850471026568947,5.112677142965094,,,483.3260459947222,127.8,15.450121091935237,PSU26-1-004,,/storage/work/efg5335/IcyMoons/hpf/collected_fits/20260111_0058_Slope-20260111T094156_R01.fits.fr_optimal.fits,32.57751795178639,15.23732720234554,95.88840337237218,32.048859609523795,9,0.4796942095476313,0.0006590545704248876,0.2503466155399245,0.0006020948668853333,0.2949211253746142,0.0005688341041197928
2461051.9071550984,14.963479752484751,5.352254214642465,,,461.28218292707874,127.8,15.37938178583174,PSU26-1-004,,/storage/work/efg5335/IcyMoons/hpf/collected_fits/20260111_0059_Slope-20260111T094436_R01.fits.fr_optimal.fits,46.030228197039264,15.94468569021861,36.84128898444714,101.72020480166569,.,0.4803870992404339,0.0006940289967010319,0.2508452226910205,0.0006353452780594882,0.29562997571244154,0.0005979501590167085
2461051.9090431095,10.009392443842934,5.907283576771325,,,415.6578028325115,127.8,15.30554863275527,PSU26-1-004,,/storage/work/efg5335/IcyMoons/hpf/collected_fits/20260111_0060_Slope-20260111T094716_R01.fits.fr_optimal.fits,18.64022733863315,17.65245456009413,38.375558025395605,129.35387857219854,1,0.48119089553383276,0.00077710779308379,0.2507771512308186,0.0007151027794035955,0.29439268149597614,0.0006693086899170755
2461051.9108986873,9.92553824378207,6.26051194931603,,,390.86017114055085,127.8,15.2328302013374,PSU26-1-004,,/storage/work/efg5335/IcyMoons/hpf/collected_fits/20260111_0061_Slope-20260111T094956_R01.fits.fr_optimal.fits,38.069745851220596,18.706355528568224,3.6163206417125666,156.07711247754796,4,0.47892369807683266,0.0008259811597661671,0.2593220520060861,0.0007434196941606119,0.295700709407649,0.0007139063192910106
2461051.9127171747,7.661356946654504,6.398156897221256,,,379.88991911990473,127.8,15.161418630694536,PSU26-1-004,,/storage/work/efg5335/IcyMoons/hpf/collected_fits/20260111_0062_Slope-20260111T095236_R01.fits.fr_optimal.fits,33.006017828054816,19.12739994756072,60.63524712572073,93.05649996954824,6,0.47848544057157166,0.000859307540071133,0.25826931717087276,0.0007751640398980576,0.29447871889709154,0.0007424118544838451
2461051.914589478,11.8654785434576,7.053432472167443,,,348.82978408661984,127.8,15.087743159637197,PSU26-1-004,,/storage/work/efg5335/IcyMoons/hpf/collected_fits/20260111_0063_Slope-20260111T095516_R01.fits.fr_optimal.fits,-7.093255569860239,21.068972985021855,-36.18506326100541,130.3427002710297,9,0.4789897454631169,0.000940256728207551,0.25814882672509115,0.0008550427572555883,0.29417791897762513,0.0008149771743850459
2461051.916435373,8.28580372364384,7.72240123758153,,,316.4785462184666,127.8,15.014958421399268,PSU26-1-004,,/storage/work/efg5335/IcyMoons/hpf/collected_fits/20260111_0064_Slope-20260111T095755_R01.fits.fr_optimal.fits,-8.715907018129217,23.08977801495252,7.309708044516654,48.811442108785975,2,0.4822535009096968,0.0010520544194611843,0.2601971528733592,0.0009582769830025051,0.29433503881972684,0.0009102466488118069
2461051.918243151,-3.6650600892139082,9.117113538873932,,,265.14489579803643,127.8,14.94353480340683,PSU26-1-004,,/storage/work/efg5335/IcyMoons/hpf/collected_fits/20260111_0065_Slope-20260111T100035_R01.fits.fr_optimal.fits,15.65061069401448,26.982359674630718,-58.46747724909033,86.82204331354359,7,0.4810082322789538,0.001280047745608529,0.2592624913008917,0.0011857830150818838,0.2955091507871923,0.001121999849250185
2461051.920153258,29.992928254124106,10.310151672306903,,,234.05501708893303,127.8,14.86791702580699,PSU26-1-004,,/storage/work/efg5335/IcyMoons/hpf/collected_fits/20260111_0066_Slope-20260111T100315_R01.fits.fr_optimal.fits,22.501657353333034,30.618317003252262,95.21242268950822,145.1693542077795,4,0.48002558628043746,0.0014466264909790626,0.2563940503249736,0.0013449717421612625,0.29097590351974534,0.0012615969778167677
2461054.6566332313,2.7477413402812907,4.527786052564977,,,608.8688234416279,127.8,20.605142486137,PSU26-1-004,,/storage/work/efg5335/IcyMoons/hpf/collected_fits/20260114_0018_Slope-20260114T034410_R01.fits.fr_optimal.fits,-7.682194623107516,13.154790385008438,-13.256642654930477,69.18643192460553,1,0.48233173333154394,0.000528442511859817,0.2604625317950337,0.0004667892239781727,0.2942299900139822,0.00044793343145589886
2461054.6584860524,2.3021411273837407,4.492130022496759,,,613.549760302876,127.8,20.645027412584774,PSU26-1-004,,/storage/work/efg5335/IcyMoons/hpf/collected_fits/20260114_0019_Slope-20260114T034649_R01.fits.fr_optimal.fits,-30.3341022058585,13.080792349933851,-57.77350235142188,33.923009329408515, ,0.4809729002516461,0.0005184049472160479,0.2586733820810916,0.0004570676714062171,0.2939059207607148,0.00044038386301827607
2461054.6603342844,-6.743072107683454,4.483464697898417,,,611.7933438297927,127.8,20.684527022017047,PSU26-1-004,,/storage/work/efg5335/IcyMoons/hpf/collected_fits/20260114_0020_Slope-20260114T034929_R01.fits.fr_optimal.fits,-27.835730947325793,13.040351924084446,-87.74941600838821,132.84295832514218,9,0.4919932427107646,0.0005130964160650948,0.25973745655699154,0.00046034961565331254,0.29465602985502876,0.00044346719634302595
2461054.6621941314,-9.065725169975742,4.445203444733755,,,641.4943535510448,127.8,20.72398603837823,PSU26-1-004,,/storage/work/efg5335/IcyMoons/hpf/collected_fits/20260114_0021_Slope-20260114T035210_R01.fits.fr_optimal.fits,-18.63801568052475,12.906493511764621,-5.069699413181448,41.21504147982872,.,0.49108846974897447,0.0004902400333292604,0.25882982309169206,0.0004400086472439179,0.2937998495151377,0.00042351453726850854
2461054.664039354,-10.157585704547726,4.270528344119926,,,650.9915071106537,127.8,20.762848487935084,PSU26-1-004,,/storage/work/efg5335/IcyMoons/hpf/collected_fits/20260114_0022_Slope-20260114T035449_R01.fits.fr_optimal.fits,-41.3616418335441,12.409033329875252,29.970915800012175,60.30076562572007,1,0.4909890385696003,0.00047882428485134193,0.26030626780388266,0.0004301801352089555,0.2952858593837782,0.0004150549131001656
2461054.6658866983,-4.1124520305914265,4.178718172414159,,,686.7963144563729,127.8,20.80146994656606,PSU26-1-004,,/storage/work/efg5335/IcyMoons/hpf/collected_fits/20260114_0023_Slope-20260114T035729_R01.fits.fr_optimal.fits,-34.5663235373965,12.116976237256912,-61.452205614907115,16.893364636928798,6,0.49053263376363476,0.0004504236554314192,0.2581463102158057,0.00040364503910095327,0.29405549823411775,0.0003906388565939282
2461054.6677620145,0.11408918246324853,4.290632985125332,,,638.0228672427111,127.8,20.840383871016765,PSU26-1-004,,/storage/work/efg5335/IcyMoons/hpf/collected_fits/20260114_0024_Slope-20260114T040009_R01.fits.fr_optimal.fits,-33.85909307453562,12.46464049502832,-93.58049334517315,73.24725142713137,2,0.49093829674182404,0.00047730160726407644,0.2587383204588994,0.0004281239696972458,0.2944860497406508,0.00041417403271153314
2461054.66956431,-0.019564775364977097,4.1435057448781345,,,672.6799459191955,127.8,20.877505055192273,PSU26-1-004,,/storage/work/efg5335/IcyMoons/hpf/collected_fits/20260114_0025_Slope-20260114T040249_R01.fits.fr_optimal.fits,-33.70116065339459,12.000289141572544,-29.09313278110696,60.40371394663439,4,0.49072743924637563,0.00045483696887155364,0.2589698915070369,0.00040790587946656296,0.2946878539652893,0.0003945470709410515
2461054.67144156,-2.2803898304338297,4.371315687905259,,,605.5096556039352,127.8,20.91588089926599,PSU26-1-004,,/storage/work/efg5335/IcyMoons/hpf/collected_fits/20260114_0026_Slope-20260114T040529_R01.fits.fr_optimal.fits,-0.282723096821673,12.676830502516502,-76.80086228254814,44.665627862043614,3,0.491134680100535,0.0005023589521083652,0.2592363396916486,0.0004517581854558744,0.29482516952218446,0.0004364578340455595
2461054.6732868114,7.639342286006463,4.383252737056697,,,625.369038104179,127.8,20.953315075753505,PSU26-1-004,,/storage/work/efg5335/IcyMoons/hpf/collected_fits/20260114_0027_Slope-20260114T040809_R01.fits.fr_optimal.fits,2.1887874494152775,12.702120421688608,46.587609770218855,62.06617217551226,1,0.4906427588151575,0.00048016094516197086,0.2594160131005485,0.00043178985247689053,0.2951694498562322,0.0004173421138206199
2461054.675153152,-6.059944164073502,4.3562962470350035,,,600.9006334904652,127.8,20.990887172958963,PSU26-1-004,,/storage/work/efg5335/IcyMoons/hpf/collected_fits/20260114_0028_Slope-20260114T041049_R01.fits.fr_optimal.fits,-14.387174012198233,12.660249641977392,75.52977713395181,12.282432380452923,4,0.49064032066476276,0.0004991897235356246,0.2579882200329829,0.0004488760456208282,0.29400286786101626,0.0004337505116830083
2461054.6769723496,-6.265702627057083,4.201215372650404,,,632.5438554382521,127.8,21.027229701411244,PSU26-1-004,,/storage/work/efg5335/IcyMoons/hpf/collected_fits/20260114_0029_Slope-20260114T041328_R01.fits.fr_optimal.fits,-17.59793884051021,12.205524805309988,7.728492689073042,63.080289807857895,5,0.49024610713618877,0.0004771399458417255,0.25914467595248164,0.00042908681992267665,0.2946880966916369,0.00041542169349991816
2461054.6788503206,0.8744790219416113,4.248724809677687,,,631.0928827508644,127.8,21.064455893835003,PSU26-1-004,,/storage/work/efg5335/IcyMoons/hpf/collected_fits/20260114_0030_Slope-20260114T041609_R01.fits.fr_optimal.fits,-45.197351518919426,12.352754836399713,-106.83868453478945,16.31276304097954,"
",0.49007823270898804,0.0004768133133273434,0.25937496495253565,0.00042890779621049664,0.2939046268048465,0.0004141611418398015
2461054.6807199214,-4.325442359961728,5.051266710363086,,,608.4556546139008,127.8,21.10122319507159,PSU26-1-004,,/storage/work/efg5335/IcyMoons/hpf/collected_fits/20260114_0031_Slope-20260114T041848_R01.fits.fr_optimal.fits,-18.823986332252023,14.63604851583127,4.857888902748089,92.10830960807229, ,0.4902718620927436,0.0004894637870749264,0.2589579412204936,0.00044020305567019893,0.2941865504081637,0.00042634679634098016
2461054.682555749,-4.50919065229175,4.47013564219137,,,600.6313978321423,127.8,21.137041878430402,PSU26-1-004,,/storage/work/efg5335/IcyMoons/hpf/collected_fits/20260114_0032_Slope-20260114T042128_R01.fits.fr_optimal.fits,-10.655906894830844,13.001838970499506,44.63538614380648,62.90369804373344,9,0.4905535226110464,0.0004989210112950282,0.2587888061955833,0.000448450664685094,0.294142955948257,0.0004341369452756898
2461055.65987666,0.9004850640542239,4.040423013308995,,,619.8483981409779,127.8,5.399514550971688,PSU26-1-004,,/storage/work/efg5335/IcyMoons/hpf/collected_fits/20260115_0015_Slope-20260115T034859_R01.fits.fr_optimal.fits,0.851129046276514,11.508033698367054,-26.082056518424242,47.12362133199358,.,0.49233206442759614,0.0005093705287520795,0.25944719209268335,0.00045540866510211116,0.29559993795329437,0.00043741195774235674
2461055.6617854564,4.3511956169578685,4.001498599172566,,,623.7437984504227,127.8,5.308485409253385,PSU26-1-004,,/storage/work/efg5335/IcyMoons/hpf/collected_fits/20260115_0016_Slope-20260115T035138_R01.fits.fr_optimal.fits,-14.22981783986537,11.357109183939542,24.979692930618068,45.84510038985278,1,0.4932511755339723,0.0005006630520354408,0.26004880076044495,0.00044762890757647983,0.2953076469664697,0.00042966821055287816
2461055.6636519195,5.9941426763166765,3.8573291874839684,,,612.3630406782358,127.8,5.219336631675846,PSU26-1-004,,/storage/work/efg5335/IcyMoons/hpf/collected_fits/20260115_0017_Slope-20260115T035419_R01.fits.fr_optimal.fits,-0.8418516703996446,11.027165945073058,-42.028885532724786,29.171980662531805,7,0.4927782169898269,0.0005019493688016338,0.26011985867379483,0.0004497311157880849,0.2949901357307766,0.0004313772101687043
2461055.665422344,2.5874806100001826,3.8499139924215013,,,674.9473207508124,127.8,5.134649722947648,PSU26-1-004,,/storage/work/efg5335/IcyMoons/hpf/collected_fits/20260115_0018_Slope-20260115T035658_R01.fits.fr_optimal.fits,-8.084452141156833,11.088866238378456,-8.991767207368701,45.786685870808384,8,0.4821570345726472,0.0004757152023042816,0.2612053933142607,0.0004188231707545785,0.29572899325048235,0.0004019004602748919
2461055.6672738465,3.4337851310574257,3.830932852844602,,,694.8051745766763,127.8,5.045955301726677,PSU26-1-004,,/storage/work/efg5335/IcyMoons/hpf/collected_fits/20260115_0019_Slope-20260115T035938_R01.fits.fr_optimal.fits,-41.37104201389843,10.972496252916796,-98.52917393360445,53.638910036718045,1,0.4827738374337155,0.00046908291756048707,0.2613486392638698,0.0004131475521217904,0.29535393990341907,0.00039423032974991127
2461055.669195075,3.971238149173976,3.866186478762703,,,745.480882477435,127.8,4.953782393706358,PSU26-1-004,,/storage/work/efg5335/IcyMoons/hpf/collected_fits/20260115_0020_Slope-20260115T040218_R01.fits.fr_optimal.fits,-54.57315587499831,11.208649661300816,-74.25736938749789,29.805455392400315,7,0.4815940956092224,0.0004277763292602766,0.2605419482596002,0.0003758585091327304,0.28298855661817574,0.00036587833901865287
2461055.6709907874,0.7613151972979336,4.154108419361479,,,771.5303313796924,127.8,4.867505265122613,PSU26-1-004,,/storage/work/efg5335/IcyMoons/hpf/collected_fits/20260115_0021_Slope-20260115T040458_R01.fits.fr_optimal.fits,-33.76666799159255,12.148883071931756,-174.88323262915452,141.54489901300656,9,0.4822622167063826,0.00039850342781381565,0.25994337113824506,0.00034937400685922907,0.2828482511154245,0.0003400614264410828
2461055.6728107217,7.215670398458713,3.8455650534841848,,,775.3919151352161,127.8,4.779941348333737,PSU26-1-004,,/storage/work/efg5335/IcyMoons/hpf/collected_fits/20260115_0022_Slope-20260115T040738_R01.fits.fr_optimal.fits,-50.611427730644216,11.33648157155766,-148.78937843658179,12.042918762638362,6,0.481771109031901,0.00039738405612386877,0.2603060225377968,0.00034882069162035404,0.28367665042730295,0.00034076382651741685
2461055.674594171,0.5114980972276902,4.070205944278495,,,627.9217547127996,127.8,4.694013991359461,PSU26-1-004,,/storage/work/efg5335/IcyMoons/hpf/collected_fits/20260115_0023_Slope-20260115T041018_R01.fits.fr_optimal.fits,-8.635457766592433,11.74384484479062,-30.11275254775113,31.82029449206231,8,0.4833814633181487,0.0005092889895569239,0.25155088489516825,0.00045663961258759654,0.28430104538841,0.0004369926629461939
2461055.6765514445,-4.5904910238857175,4.225768755719748,,,574.8901309364148,127.8,4.599577590116829,PSU26-1-004,,/storage/work/efg5335/IcyMoons/hpf/collected_fits/20260115_0024_Slope-20260115T041258_R01.fits.fr_optimal.fits,-21.924583494834977,12.206993232640995,-35.562942899381824,29.97202853111984, ,0.4824006204174311,0.0005451173200750294,0.25093970375578956,0.0004898950721271416,0.29633969660116427,0.0004618910879796606
2461055.678317044,-4.393734777528487,4.718077052287035,,,548.4201034442327,127.8,4.514270255999369,PSU26-1-004,,/storage/work/efg5335/IcyMoons/hpf/collected_fits/20260115_0025_Slope-20260115T041538_R01.fits.fr_optimal.fits,-24.451354981945887,13.775691170526752,-53.35004848248532,84.04659504262933,9,0.4826181206097782,0.0005780330890926291,0.2503297151532306,0.0005218617042110758,0.2968287435060707,0.0004902836986055669
2461055.680233388,-1.9183221939103574,4.675537420488754,,,587.8926448042425,127.8,4.421553081303365,PSU26-1-004,,/storage/work/efg5335/IcyMoons/hpf/collected_fits/20260115_0026_Slope-20260115T041818_R01.fits.fr_optimal.fits,-15.180157902466906,13.638972173851629,-15.247407707475347,86.55892247526414,.,0.4823216408032449,0.0005292811214041806,0.26072886287059704,0.00046630452980956163,0.2960446366550341,0.0004479166971120004
2461055.6820746157,-5.7256930315347905,4.80930685960617,,,534.8363534737055,127.8,4.3323476246006285,PSU26-1-004,,/storage/work/efg5335/IcyMoons/hpf/collected_fits/20260115_0027_Slope-20260115T042058_R01.fits.fr_optimal.fits,-31.06000511453733,13.961159749921501,-38.99732360440517,50.14909611592333,1,0.4823232560930694,0.0005780902839240236,0.2607138691501171,0.000512225631495252,0.2956472651147234,0.0004905927277201776
2461055.683933375,-0.5709703210388783,4.46585468123331,,,569.2517538376046,127.8,4.242172278573209,PSU26-1-004,,/storage/work/efg5335/IcyMoons/hpf/collected_fits/20260115_0028_Slope-20260115T042337_R01.fits.fr_optimal.fits,-15.710938332441426,12.907273872857944,-146.95454384447692,64.566998335169,9,0.48333862103382547,0.000544703777961094,0.26106901573339214,0.00048195073258347216,0.2953676635656042,0.00046183506832315677
2461055.6857955055,1.649732527333503,4.2959217517643795,,,564.4410772731615,127.8,4.151713373497086,PSU26-1-004,,/storage/work/efg5335/IcyMoons/hpf/collected_fits/20260115_0029_Slope-20260115T042617_R01.fits.fr_optimal.fits,-11.660852849485273,12.408529070182986,-131.68874384151266,35.33092932230526,4,0.49129776962845,0.0005353111233636611,0.2592576023659645,0.00047883512306331127,0.2943735434835804,0.0004613512752602885
2461056.8620085195,-7.402465020538095,5.596357959764835,,,417.9404615413246,127.8,-31.687615343588554,PSU26-1-004,,/storage/work/efg5335/IcyMoons/hpf/collected_fits/20260116_0048_Slope-20260116T084012_R01.fits.fr_optimal.fits,29.523655498410967,16.193594980836355,174.2786088933188,82.71177296862837,1,0.4829329102629798,0.0007300710880983895,0.2654080364886562,0.0006494576397051289,0.2974688174303902,0.0006253910623986866
2461056.8638748867,-1.1380767432797736,5.605805298021359,,,419.7072708959596,127.8,-31.671006154997098,PSU26-1-004,,/storage/work/efg5335/IcyMoons/hpf/collected_fits/20260116_0049_Slope-20260116T084252_R01.fits.fr_optimal.fits,5.151782242554661,16.2984025649762,60.70910264110092,97.6190174723825,7,0.4811996252715852,0.0007274787856362037,0.26151645250933836,0.0006445876517400228,0.2979758246525483,0.0006236693877637004
2461056.865698182,5.921513388307231,5.53501139970308,,,423.9002939457946,127.8,-31.65446171638302,PSU26-1-004,,/storage/work/efg5335/IcyMoons/hpf/collected_fits/20260116_0050_Slope-20260116T084532_R01.fits.fr_optimal.fits,40.13506348799477,16.085285875559183,-22.87635068050104,40.27856478550226,9,0.4808663685615066,0.0007262086794393757,0.26196464572627903,0.0006441594202693608,0.2969180020365388,0.0006224021738132403
2461056.867623542,-2.020445683444695,5.633492814104816,,,426.3114312292798,127.8,-31.63664911625869,PSU26-1-004,,/storage/work/efg5335/IcyMoons/hpf/collected_fits/20260116_0051_Slope-20260116T084812_R01.fits.fr_optimal.fits,25.163233270265504,16.420779706865172,127.98749778971731,41.20638711317865,8,0.48124701776737894,0.0007142894219310731,0.2622138987989779,0.0006360925609623471,0.2969576178693496,0.0006138512064264631
2461056.8694302845,-4.147385690420695,5.513997553850805,,,422.1309000994976,127.8,-31.619614105982016,PSU26-1-004,,/storage/work/efg5335/IcyMoons/hpf/collected_fits/20260116_0052_Slope-20260116T085052_R01.fits.fr_optimal.fits,10.180980284514428,15.923298688310895,42.192982967362504,24.440839074834727,9,0.48187009386830704,0.0007281465559798621,0.2608384632316119,0.0006464592156839694,0.29620623683810093,0.0006224633908930343
2461056.871259643,4.158904948476919,5.331794456312565,,,445.18229680854245,127.8,-31.60205018134572,PSU26-1-004,,/storage/work/efg5335/IcyMoons/hpf/collected_fits/20260116_0053_Slope-20260116T085332_R01.fits.fr_optimal.fits,8.553011721833832,15.457657438465336,41.85984882996254,106.62494081116104, ,0.48132033335244206,0.0006941791261476045,0.26353222531989207,0.0006151925873253082,0.29735876988790133,0.000593649504180791
2461056.873156607,2.3637414484606456,6.351655098100486,,,336.8721268312036,127.8,-31.583501456509712,PSU26-1-004,,/storage/work/efg5335/IcyMoons/hpf/collected_fits/20260116_0054_Slope-20260116T085612_R01.fits.fr_optimal.fits,-2.978452928205047,18.359700976899706,-2.5762710618992535,56.47614534616792,9,0.48075813614354285,0.0009032668222041499,0.26256063555689285,0.0008086164867529501,0.295028969566072,0.0007777981114268001
2461056.8749751044,-3.1182148596814714,4.743146480596234,,,520.0450370597816,127.8,-31.565398867900928,PSU26-1-004,,/storage/work/efg5335/IcyMoons/hpf/collected_fits/20260116_0055_Slope-20260116T085852_R01.fits.fr_optimal.fits,17.37406401693021,13.677767018234789,76.35387910123438,60.942001053645264,.,0.4825847217748474,0.0005915923717345807,0.26393142254079355,0.0005216611199589486,0.2967919024433479,0.0005033840689494851
2461056.876795482,6.833438411109287,4.205042728129791,,,603.664643818026,127.8,-31.546962550301615,PSU26-1-004,,/storage/work/efg5335/IcyMoons/hpf/collected_fits/20260116_0056_Slope-20260116T090132_R01.fits.fr_optimal.fits,-11.074100937080203,12.175241173822082,103.92879165635851,40.657811185228354,2,0.48171127370139244,0.0005085731813371753,0.262359361745878,0.0004466381930336422,0.2954966130728213,0.00043169021850571497
2461056.8786584847,2.2286117979318596,4.466088019694418,,,559.1997793488613,127.8,-31.527767986079922,PSU26-1-004,,/storage/work/efg5335/IcyMoons/hpf/collected_fits/20260116_0057_Slope-20260116T090412_R01.fits.fr_optimal.fits,11.411818450823107,12.854555230854045,82.92742076945625,38.114202835623196,1,0.4809335755601037,0.0005486236055177554,0.26312743163485713,0.00048299681047442376,0.2963200960819196,0.00046700661399055833
2461056.8805302572,3.279650274359454,4.477560980828841,,,574.7409854152202,127.8,-31.50815019792853,PSU26-1-004,,/storage/work/efg5335/IcyMoons/hpf/collected_fits/20260116_0058_Slope-20260116T090651_R01.fits.fr_optimal.fits,12.22787757561437,12.877390182017457,84.54561975638067,35.62375889420653,0,0.48103923933963677,0.0005333967942957375,0.2620510835624156,0.0004673501078048877,0.2966974785827516,0.00045389329680610213
2461056.882364391,-0.5969978495441696,4.454659721522103,,,564.4908888012744,127.8,-31.488603070497877,PSU26-1-004,,/storage/work/efg5335/IcyMoons/hpf/collected_fits/20260116_0059_Slope-20260116T090931_R01.fits.fr_optimal.fits,-12.694288784485805,12.866131961735531,52.56256742437368,14.950537216677551,4,0.4819601135659944,0.0005466779515967262,0.2630703704478464,0.00048099605762185355,0.2966120786998645,0.0004649256767941342
2461056.8842122923,3.9480398392240104,4.669277123303451,,,544.6706989183663,127.8,-31.46858486540483,PSU26-1-004,,/storage/work/efg5335/IcyMoons/hpf/collected_fits/20260116_0060_Slope-20260116T091211_R01.fits.fr_optimal.fits,6.433167260132236,13.836065644622803,98.27877781040186,45.73361841334576,4,0.48151103206077805,0.0005662655508558448,0.26302611268614584,0.0004981058507321511,0.2971426435347194,0.00048234850262323384
2461056.886048906,6.002792924580639,4.817399254653188,,,526.6479963720788,127.8,-31.448366186304003,PSU26-1-004,,/storage/work/efg5335/IcyMoons/hpf/collected_fits/20260116_0061_Slope-20260116T091451_R01.fits.fr_optimal.fits,-16.916783052619397,13.880822484838365,67.42321186278748,54.61538123915562,0,0.4807403530860808,0.0005841634392588881,0.26203867792517505,0.0005153784435811855,0.29615408861254156,0.0004978272278292232
2461056.8879034645,7.178574305830461,5.025661860882177,,,519.4362885565583,127.8,-31.427623295124203,PSU26-1-004,,/storage/work/efg5335/IcyMoons/hpf/collected_fits/20260116_0062_Slope-20260116T091731_R01.fits.fr_optimal.fits,20.150711748610426,14.452045323305994,20.902166875445985,57.3881441888618,2,0.4820514535444992,0.0005942175383788313,0.2624498937701818,0.0005238540785350637,0.2961425277084178,0.0005056552434571975
