wavelength,law_4u1,law_4u2,law_4u3,law_4u4
3611.0944883058646,0.5920343037321323,-0.5232024493262439,1.5957674410599452,-0.7355088442537845
3632.4563898340325,0.6018239939694441,-0.4968732943179545,1.5279427374210397,-0.7057517123358487
3654.076646776115,0.5841569759090703,-0.4658666169781374,1.5432708543051807,-0.7298148878434338
3675.9599428635925,0.5788926372855757,-0.4025337428372181,1.459994218864679,-0.7045048132084545
3698.108224912027,0.608067321157782,-0.5223713765360197,1.5685846326932433,-0.7283793035787951
3720.519047307091,0.5434609876579019,-0.4641817776162239,1.4714809638311366,-0.6615893687822952
3743.2034899119203,0.5407438736497672,-0.5816603300289876,1.796735762380313,-0.8544975385827192
3766.143852009792,0.5119030712575013,-0.4859757566403093,1.8096528871686317,-0.9236255175443999
3789.4209047190893,0.7860985388363333,-1.386047220052923,2.9153529733598056,-1.3621030779540646
3812.9584504904765,0.8674568181219026,-1.732403575235258,3.2979711060252868,-1.4676987167107578
3836.7909088362208,1.3170893766627085,-2.5882587037782203,3.601915854610583,-1.3702375870486934
3860.9231775797693,1.099962643616151,-2.3947874442640176,3.74815017319806,-1.4678084610571518
3885.3599342524635,0.9412838309121961,-1.6704886738913514,3.051209027338708,-1.374043327329295
3910.109539856282,0.7996739836661215,-1.4634034732549406,2.7555018996094267,-1.1494572008371622
3935.175020828703,1.123593260551506,-1.8232927293912262,2.3386760893381946,-0.7371896407868924
3960.564473670773,1.2837532963088831,-2.3284515018428533,3.1998395416618974,-1.2353842527503056
3986.283688064039,0.7096874040487545,-1.1185263834081434,2.43132029264845,-1.0851062224632435
4012.338861810625,0.3947277424215882,-0.21810811496428745,1.3367716592069454,-0.6083393664118527
4038.7368332320657,0.32443438434032906,-0.048713711541052473,1.136392713382389,-0.5164707520104144
4065.4845352620687,0.5076349022794997,-0.5550352289244911,1.7039393914741743,-0.7493164450777077
4092.5889458867427,0.7445922790177454,-0.9934330935490263,2.3137471288723535,-1.1216997539028444
4120.056656758336,0.5064958849854728,-0.5023771952012489,1.7178146872569242,-0.8084017336721824
4147.896340182007,0.2905046435009158,0.029044872242331113,1.1056945928895077,-0.5371559483937765
4176.114670163549,0.24411180116101125,0.19513701298742647,0.8732517128591326,-0.4321289869163155
4204.719253588902,0.3022599372752868,0.10140380086700253,0.8844032964731801,-0.4099289207234836
4233.718408904378,0.37079304295378185,-0.030371597966436494,0.9572156663979238,-0.4226692556827127
4263.118683657377,0.4992415006600746,-0.45512549026654603,1.4006047631021195,-0.5690456646058063
4292.933326587802,0.5650486542221472,-0.5855589720652431,1.485228573189418,-0.589545175291237
4323.166218217185,0.7953038708785637,-1.1066848602640802,2.310947413948724,-1.0903579782565946
4353.82827059154,0.7135526873493482,-0.8703821254453361,2.042825291019716,-1.003802221787088
4384.928162394974,0.5474725618244234,-0.5585643005257555,1.5325737708058786,-0.6470612075040785
4416.47530358459,0.40984083570824076,-0.16703541922766527,1.1447908458182101,-0.5222884807442095
4448.479915417603,0.3570879756170931,0.1288037649356945,0.7567373766477261,-0.37880023770696725
4480.951359801634,0.3514497696822355,0.20016926429515772,0.6610820947444276,-0.34886053726621985
4513.900515086146,0.31933322292042243,0.3208328214318329,0.542643171278035,-0.31717200165853005
4547.337859551167,0.35555501917231497,0.22499131170246478,0.615813121147308,-0.3348478747184217
4581.274233569078,0.384905046263957,0.1837992649309433,0.6253913025219818,-0.3336494927836416
4615.720999779954,0.36964761202629304,0.22526595012986544,0.5919342871224051,-0.3272635525914169
4650.689434914498,0.37336976114291115,0.21785159349506206,0.5950188211142078,-0.3298469634416618
4686.19211540847,0.3803417510409972,0.21285270413375942,0.5879076261407014,-0.3289716341648536
4722.240524196751,0.3938992840990504,0.17300242337461091,0.628088808572517,-0.34446479868487934
4758.848222153147,0.42904231333519255,0.11868523316242921,0.668081735307266,-0.36369873309671397
4796.027842766245,0.4479264981013219,0.0588771544235331,0.7432933205853832,-0.39843997113960705
4833.7925364793955,0.6274233074172416,-0.41494677784864925,1.3186525848719186,-0.6627473666603845
4872.156953766297,0.6354141270499435,-0.17972027699752188,0.8880279270097442,-0.5203154304114561
4911.135240469596,0.5512400673980393,-0.18736319729294942,0.9786095923377128,-0.4952438851445886
4950.741881972264,0.4704817569991703,0.05923735222580466,0.6700949250801256,-0.3618360687196613
4990.992794881698,0.4656050123687629,0.05694512838755657,0.6477121853989262,-0.3418809256270566
5031.903746688405,0.45956139671288165,0.07475038507403035,0.624057097720254,-0.33237163265199615
5073.490640261658,0.43285131855767706,0.15106575535163444,0.5564389243899447,-0.3159332966901862
5115.770579368937,0.4266617672920676,0.15438061519208052,0.5547820151089321,-0.3156780610756361
5158.761280269197,0.48400081802715955,-0.0703186624442678,0.7297181479657077,-0.3506564671854638
5202.480473364398,0.4647767590771543,0.07469978548356647,0.5918977780187059,-0.3210336487099656
5246.947034189537,0.4879671519313435,0.04488132524966177,0.600950269990614,-0.32191515479446114
5292.180241532383,0.4907435932882737,0.04204149048395816,0.592127490965055,-0.3181337370367075
5338.200128507048,0.5000239434559675,-0.004655847833860866,0.6163385124134603,-0.31900887266079025
5385.027399821762,0.48974092566364713,0.048405639591826956,0.5720249184276129,-0.31232521858510653
5432.683382972833,0.4938133484201939,0.03777156938293258,0.576301665934643,-0.3127027615085631
5481.190412603062,0.49686220878575454,0.02903843036427167,0.5709832805985646,-0.30875165009844524
5530.57141372899,0.4978191639282379,0.03754886143736553,0.5550539095570989,-0.3044777508366789
5580.850191469802,0.5161232040122475,-0.010371851733968138,0.583217128142538,-0.3092386181045434
5632.051637984013,0.5021085815875552,0.0327913112416342,0.5458900311519238,-0.3008792764618897
5684.201081415321,0.5146729538352418,0.009948614124225388,0.5470799807885718,-0.297621090119404
5737.3253069967695,0.5098070693516388,0.04837844235834706,0.5104344556882857,-0.29075302333012504
5791.451905507702,0.5158271130010817,0.0016739442904886305,0.5483072300843913,-0.29788944382208277
5846.609546943639,0.5190240043028607,0.019421135337447593,0.514742907722753,-0.28778798781131604
5902.827869963498,0.516903387989678,0.023722130042127455,0.5040956567537423,-0.2839400507627148
5960.137745823349,0.5200419868873374,0.028403521903771475,0.4850702014037458,-0.2763057218872208
6018.571328936854,0.5272196769174605,0.011660070571141419,0.48329400281351054,-0.2718035722725339
6078.161902948444,0.5276400603455209,0.013013833674097025,0.48529894937280554,-0.2747550694151133
6138.944361995399,0.5318445919340745,-0.022633707500072268,0.5026339496980002,-0.27497324220523695
6200.954822586068,0.5298158727300222,0.0018106246985081446,0.4765454534247284,-0.2688763512534904
6264.230689587376,0.5315830426106214,-0.008973717235631848,0.48230563327333886,-0.270067159372404
6328.811283062816,0.5360782737857612,-0.027883043664807615,0.4898258122584112,-0.2702492476030411
6394.7372681604165,0.5358045662404357,-0.017359064126961768,0.47328243317838176,-0.2661566368690799
6462.051176435348,0.559132703106805,-0.08417319321442572,0.5311585000229168,-0.2867427706060901
6530.797252544572,0.6164692344351506,-0.22575641314914655,0.7102692917902549,-0.3794174224906496
6601.02167975804,0.5993621906474405,-0.184959273399995,0.6501162325516305,-0.3477310888592197
6672.772828734207,0.545285460692102,-0.05044326691466013,0.47691752156318656,-0.2658208555950472
6746.100830477654,0.5373792296081771,-0.030788769666320607,0.4413423632843243,-0.24815860998374353
6821.0582286991275,0.5313621980676071,-0.01956549972602569,0.42400717658966824,-0.24166690099515478
6897.7003443300055,0.5309761817400802,-0.025088271726038114,0.424032930605871,-0.240350892113682
6976.084019049693,0.5295889616484656,-0.021632032304954814,0.4119666242622961,-0.23493561591877407
7056.26979271953,0.5312954379166139,-0.028627890459398477,0.4106334656581108,-0.2332753226379238
7138.320268945165,0.5345042577462805,-0.04118000013202193,0.40912774777665206,-0.22986258401060472
7222.301395303085,0.5303517916601483,-0.040321996540909115,0.4011048957135641,-0.22527672347300187
7308.282045196518,0.5299797038834972,-0.035763160024880364,0.39047246888561227,-0.22169288341543716
7396.334408097883,0.5317347706494128,-0.0508965885753313,0.3930268398030827,-0.2191769488901304
7486.53469912381,0.5278236477590994,-0.0332957271240237,0.36991348181593287,-0.21260290074006982
7578.961706306539,0.5276361131106605,-0.03571721278759219,0.3660696856478516,-0.21060024219349105
7673.699560944348,0.5354207074904637,-0.06139381716992523,0.3749943364035701,-0.20934274066093628
7770.835960089047,0.5223481531579331,-0.02087587798337322,0.3299385659014504,-0.1963637133626917
7870.462703844851,0.5230694645991278,-0.027053514748044866,0.336570078336635,-0.19885498794084178
7972.67759720406,0.52192807869212,-0.02976909266023323,0.33483056795900173,-0.19705075212501802
8077.581843929379,0.5212885052723236,-0.030151781744584223,0.32819496131237874,-0.1938223752616168
8185.2838721081125,0.5298310172697381,-0.06244461931857967,0.33886436982995105,-0.1921663788596153
8295.89663069446,0.5203782803487115,-0.03617453846414749,0.31980252534730425,-0.1887638506638828
8409.539550028205,0.5198421040627909,-0.04167681620872588,0.3199849961286399,-0.18785756781597354
8526.34006698069,0.5138190062613892,-0.07498603410314696,0.34163816988370743,-0.18839641148409939
8646.42994954567,0.49913603338956725,-0.020307256142525397,0.27961698834919996,-0.1683326064593869
8769.951217147507,0.4880094410491262,0.03633315817391624,0.20881100132606462,-0.14478694970211495
8897.052869556705,0.5110662870163419,-0.04376039061226454,0.30613929633357917,-0.18531313981675623
9027.89239382737,0.46936813086171997,0.09988541246581704,0.1183104367266597,-0.11671997461261334
9162.63835569081,0.5468988814235202,-0.14489597622959707,0.4086301122331765,-0.21992503497231775
9301.467270227567,0.5270398862977991,-0.09822752224887475,0.3505356595722926,-0.19527285599100963
9444.567939613842,0.5245684284561818,-0.10132556798723934,0.33535428878123713,-0.18310045347888892
9592.140289950943,0.5609158442207157,-0.18808369758489005,0.4480311654749978,-0.24283804020362038
9744.395913998456,0.5090972019864737,-0.056387366087678914,0.269392257666166,-0.1553582804153233
9901.565443932293,0.5130210169132163,-0.06786468299653703,0.2732196356807305,-0.1571354591433243
10063.89322036249,0.5251101852261872,-0.04978583995534734,0.2259305711045794,-0.15581064122446958
10231.618973216362,0.514298285136725,-0.07337238609008723,0.27326439840965344,-0.15769560508951116
10405.046496711559,0.5114131887161528,-0.05915923772970002,0.24927626896705127,-0.1483106762094874
10584.447547199841,0.5177183847904869,-0.0747394133511161,0.25557436470488437,-0.14951529432130176
10770.074601222172,0.5312165353575796,-0.11391825130363281,0.28983176349227785,-0.16266334588508147
10960.716335758532,0.5554049269767865,-0.14654223299958646,0.3236177156545949,-0.19243679841856232
11161.739068791743,0.5316486785915051,-0.09617681002413189,0.26294813828226643,-0.15359908996236868
