bjd,bjdnonweighted,deltamin,rv,e_rv,pre_rv,pre_e_rv,sn18,sn102,exptime,berv,bervssingle50,qprog,airmass,filename,dLW,e_dLW,crx,e_crx,ln_order_center,irt_ind1,irt_ind1_e,irt_ind2,irt_ind2_e,irt_ind3,irt_ind3_e,ha_ind,ha_ind_e,NaD1_ind_v,NaD1_ind_e,NaD2_ind_v,NaD2_ind_e,rvccfsum,rvccfsumerr,rvccfmod,rvccfmoderr,driftfun
2460991.801145836,2460991.801145836,0.0,-32.893038963456,1.5913651625257688,,,39.95672805347081,50.76818524067964,323.847915,30.192788660091654,27.45099860992583,2025B-406758,2.1841,/storage/home/efg5335/work/OppositionSurge/neid/collected_fits/neidL2_20251112T070621.fits,-16.301654339573567,3.420713457080729,11.83328238537983,14.10226399655984,[,,,,,,,,,,,,,-2.772247305290813,0.002056692820493714,-2.770595642899394,0.002034947025493309,dailymodel0
2460991.805215742,2460991.805215742,0.0,22.22318971888829,3.2005927425546967,,,20.58813620830215,26.7167016394083,324.005328,30.000087412210032,27.4455272031305,2025B-406758,2.0974,/storage/home/efg5335/work/OppositionSurge/neid/collected_fits/neidL2_20251112T071212.fits,-64.57288820630896,7.0267065841660985,-3.570593259636634,34.71733664298847, ,,,,,,,,,,,,,-2.531249087132189,0.003654677013696436,-2.530186133078502,0.003629209333769169,dailymodel0
2460991.809286568,2460991.809286568,0.0,-2.4284361589806784,1.0375978028909751,,,59.95339613822765,76.00837326382522,324.005611,29.80680082256783,27.44167642460923,2025B-406758,2.0181,/storage/home/efg5335/work/OppositionSurge/neid/collected_fits/neidL2_20251112T071804.fits,-2.7182959392365094,2.210799284913922,11.990975480871693,9.623975453606466, ,,,,,,,,,,,,,-2.367737265101779,0.001399105241757388,-2.36681398236654,0.001385091044948605,dailymodel0
2460991.8133573895,2460991.8133573895,0.0,14.16349180285242,1.2981477869295563,,,48.24532656992706,60.861681164087265,324.005254,29.61298423568249,27.43657035120284,2025B-406758,1.9454,/storage/home/efg5335/work/OppositionSurge/neid/collected_fits/neidL2_20251112T072355.fits,-3.057476954707902,2.777611000766893,9.124890158345414,11.47144220850969, ,,,,,,,,,,,,,-2.165072575964418,0.001717527026144519,-2.16447931099727,0.001702690946350417,dailymodel0
2460991.817428203,2460991.817428203,0.0,13.157660968165237,0.6667125025724031,,,91.8186328005061,115.44763329243366,324.00548,29.418649601981596,27.43163491910007,2025B-406758,1.8783,/storage/home/efg5335/work/OppositionSurge/neid/collected_fits/neidL2_20251112T072947.fits,9.476213375975084,1.4106330328790098,13.71106324653733,7.165180335786526, ,,,,,,,,,,,,,-1.974955887800041,0.000918360325892775,-1.974164295105896,0.000910466186617071,dailymodel0
2460991.821499028,2460991.821499028,0.0,4.662586893911533,0.5647258681632996,,,108.1335133557536,136.05752175251098,324.005689,29.22380792643741,27.42668176447246,2025B-406758,1.8164,/storage/home/efg5335/work/OppositionSurge/neid/collected_fits/neidL2_20251112T073539.fits,15.659155461785529,1.192263051687753,14.585719307758644,7.424896581643169, ,,,,,,,,,,,,,-1.791748501910104,0.000783096521121571,-1.791012469354369,0.000776440146486024,dailymodel0
2460991.8255698513,2460991.8255698513,0.0,-9.110031164352927,1.0028436391622526,,,61.60370285583069,77.42211481307454,324.00568,29.028471972730188,27.42172577573616,2025B-406758,1.7593,/storage/home/efg5335/work/OppositionSurge/neid/collected_fits/neidL2_20251112T074130.fits,9.957546570769109,2.136301180273937,0.38925190799654324,9.884183153148816, ,,,,,,,,,,,,,-1.61636816701193,0.001354046950118963,-1.615858666859988,0.001343565921158307,dailymodel0
2460991.829640693,2460991.829640693,0.0,20.98335164409899,0.524990986780699,,,115.63173660538672,144.07902888910178,324.010778,28.83265294506812,27.41533856143475,2025B-406758,1.7063,/storage/home/efg5335/work/OppositionSurge/neid/collected_fits/neidL2_20251112T074722.fits,15.385621805701307,1.1086591562345778,10.249220536620346,6.451512293637572,-,,,,,,,,,,,,,-1.396460414609687,0.000728670799520209,-1.395849216294369,0.000723703762061227,dailymodel0
2460991.833711484,2460991.833711484,0.0,2.122632047551552,0.40510878261654804,,,150.6898729466132,188.53053496752483,324.005173,28.6363667114974,27.41003659539875,2025B-406758,1.6571,/storage/home/efg5335/work/OppositionSurge/neid/collected_fits/neidL2_20251112T075314.fits,20.80345762229812,0.8528019170482894,11.77543020759753,5.144266464498156,i,,,,,,,,,,,,,-1.223942245383824,0.000560330524832812,-1.223287044484449,0.000556453549805166,dailymodel0
2460991.837782313,2460991.837782313,0.0,-0.04368665416449521,0.3927088119028226,,,155.13652073513782,194.0338720059023,324.006128,28.43962143496607,27.40409572800767,2025B-406758,1.6114,/storage/home/efg5335/work/OppositionSurge/neid/collected_fits/neidL2_20251112T075906.fits,22.444129278236552,0.8268273143268702,11.041717189641371,5.266978044309847,n,,,,,,,,,,,,,-1.035419206992812,0.000544409357972669,-1.03483059748284,0.00054076839077717,dailymodel0
2460991.841853123,2460991.841853123,0.0,4.97783346767106,0.39490946381242364,,,154.66220989517674,192.7417283927557,324.005807,28.242432678309275,27.3977776313857,2025B-406758,1.5688,/storage/home/efg5335/work/OppositionSurge/neid/collected_fits/neidL2_20251112T080457.fits,23.999187428354418,0.8316526746410544,3.2360267948112447,5.538928730208163,f,,,,,,,,,,,,,-0.8403241383871084,0.000545895125019405,-0.8397713065607052,0.000542431749047867,dailymodel0
2460991.84667171,2460991.84667171,0.0,1.6535999155738943,0.3917308764174765,,,156.45763346405587,195.30559858671847,323.789593,28.008465123311602,27.39021761530359,2025B-406758,1.5221,/storage/home/efg5335/work/OppositionSurge/neid/collected_fits/neidL2_20251112T081154.fits,29.546365883256577,0.8232871526434983,4.3911007808849165,4.705872627957005, ,,,,,,,,,,,,,-0.6160676472332028,0.000538722430047083,-0.6154513159250072,0.000535528496592962,dailymodel0
2461046.755210217,2461046.755210217,0.0,-9.940077333146474,0.4043438802397379,,,146.8360624119352,187.1660535726409,323.791867,-9.061551103089036,5.096752631853542,2025B-232911,1.1292,/storage/home/efg5335/work/OppositionSurge/neid/collected_fits/neidL2_20260106T055536.fits,-0.8380585114110711,0.8508685926381307,4.575147986428255,4.365285560628165, ,,,,,,,,,,,,,14.14998820671468,0.001606913584319304,14.15072634059217,0.001595760924347389,dailymodel0
2461046.7592794956,2461046.7592794956,0.0,-15.264293518529444,0.5543900633815725,,,107.32314322334297,135.77590329414892,324.0053,-8.885446280052038,5.086367947969375,2025B-232911,1.1171,/storage/home/efg5335/work/OppositionSurge/neid/collected_fits/neidL2_20260106T060128.fits,1.3354368657641789,1.1677612987440862,-0.43167895387709887,6.387138281810503, ,,,,,,,,,,,,,13.95689462165602,0.002043283960212063,13.95753193647165,0.002031126232505373,dailymodel0
2461046.7633500174,2461046.7633500174,0.0,-15.104673410512726,0.38372270271688175,,,154.59114371521773,196.1784699195281,324.005555,-8.708891912708584,5.076067555239993,2025B-232911,1.1059,/storage/home/efg5335/work/OppositionSurge/neid/collected_fits/neidL2_20260106T060719.fits,0.22828075487228197,0.8059998585183394,6.012755628698533,4.555053621652452, ,,,,,,,,,,,,,13.77092420305195,0.001327035438938495,13.77153529921879,0.001319147375426958,dailymodel0
2461046.767420527,2461046.767420527,0.0,-7.810314563391994,0.3974583895161359,,,148.33765675778923,187.1188196009937,324.005703,-8.531946815596225,5.066147479952543,2025B-232911,1.0954,/storage/home/efg5335/work/OppositionSurge/neid/collected_fits/neidL2_20260106T061311.fits,2.4158803730970537,0.8362547717828409,3.446439743009633,4.484454382880911, ,,,,,,,,,,,,,13.59114100719307,0.001296411180667016,13.59175617981624,0.001290025199381364,dailymodel0
2461046.771491046,2461046.771491046,0.0,-10.807977710367155,0.39725702706206123,,,147.69833963293257,185.0370878556127,324.005602,-8.354614829348492,5.055561541153254,2025B-232911,1.0856,/storage/home/efg5335/work/OppositionSurge/neid/collected_fits/neidL2_20260106T061903.fits,2.282280009219103,0.8353008413190494,3.545357732486497,5.404902254129125, ,,,,,,,,,,,,,13.40037670280193,0.001219306352765921,13.40088940123307,0.00121469784243569,dailymodel0
2461046.775561566,2461046.775561566,0.0,-8.739161348699238,0.4012048404124308,,,147.25133377797954,184.44392620281909,324.005576,-8.176900788548531,5.045097309338851,2025B-232911,1.0766,/storage/home/efg5335/work/OppositionSurge/neid/collected_fits/neidL2_20260106T062454.fits,11.119720649337049,0.8421983256727902,6.220804767036314,4.95574699869306, ,,,,,,,,,,,,,13.21355607420759,0.001157096646693428,13.21406252848932,0.001153017079538633,dailymodel0
2461046.7837025947,2461046.7837025947,0.0,-3.7977427451686196,0.4190292315783303,,,139.98603671010127,174.25219268760827,324.005706,-7.820345532079621,5.024001096560141,2025B-232911,1.0606,/storage/home/efg5335/work/OppositionSurge/neid/collected_fits/neidL2_20260106T063638.fits,10.183593360836285,0.8811373689969781,0.836845282260695,5.145022793476142,-,,,,,,,,,,,,,12.84194678596091,0.001096845936734254,12.84237258739862,0.00109426469690596,dailymodel0
2461046.7877731035,2461046.7877731035,0.0,-19.384906766652428,0.47343674038330397,,,124.34797969877829,153.6770590103261,324.005906,-7.6415132570977375,5.012228587123838,2025B-232911,1.0536,/storage/home/efg5335/work/OppositionSurge/neid/collected_fits/neidL2_20260106T064229.fits,27.839066908354496,0.9950100042963815,4.686268957711031,4.745277353684326,i,,,,,,,,,,,,,12.63452629827287,0.001174991404898125,12.63492863538795,0.001173539918138099,dailymodel0
2461046.7918436187,2461046.7918436187,0.0,-10.7896306579464,0.5240916779712205,,,114.33297055165922,140.24868992302015,324.005134,-7.462316715843387,5.001781807614399,2025B-232911,1.0472,/storage/home/efg5335/work/OppositionSurge/neid/collected_fits/neidL2_20260106T064821.fits,57.88036180913135,1.0944905569888745,2.534497414777114,6.310207607412404,n,,,,,,,,,,,,,12.45472624459275,0.001233165802788728,12.45513103922477,0.001232694072249346,dailymodel0
2461046.7959141396,2461046.7959141396,0.0,-9.656492673454585,0.5494362558224304,,,109.13062188905164,133.68629732133584,324.005482,-7.282760377977788,4.990894308264815,2025B-232911,1.0414,/storage/home/efg5335/work/OppositionSurge/neid/collected_fits/neidL2_20260106T065413.fits,63.33242551402256,1.147298590923655,-2.0518883733504256,5.801681531648725,f,,,,,,,,,,,,,12.26498675927514,0.001247749781476885,12.26532128723585,0.0012474080414006,dailymodel0
2461046.8004164626,2461046.8004164626,0.0,-11.635529705972436,0.4943599704993491,,,119.02124852885896,146.4679423175272,323.819917,-7.083743151947308,4.978419472892099,2025B-232911,1.0357,/storage/home/efg5335/work/OppositionSurge/neid/collected_fits/neidL2_20260106T070042.fits,32.438054380134204,1.0375193850830826,-1.0799704907728442,5.529030453277626, ,,,,,,,,,,,,,12.05187083706776,0.001097359226572427,12.05218023387308,0.001096614539391862,dailymodel0
2461050.730158103,2461050.730158103,0.0,-27.41999759984069,0.5074530556541166,,,119.44054327233334,159.6009900649422,323.836338,9.051050144863302,3.040350976191744,2025B-232911,1.1723,/storage/home/efg5335/work/OppositionSurge/neid/collected_fits/neidL2_20260110T051927.fits,-4.039032893785505,1.0747364728652185,-6.571928046625265,4.830434702750031, ,,,,,,,,,,,,,-6.041090247242105,0.000748317347416507,-6.04010037932234,0.000741120651831472,dailymodel0
2461050.734227611,2461050.734227611,0.0,-25.244297360506817,0.5461529817102898,,,111.50281113876802,150.7822063232751,324.006215,9.223992147687584,3.030909826409272,2025B-232911,1.1574,/storage/home/efg5335/work/OppositionSurge/neid/collected_fits/neidL2_20260110T052519.fits,-0.9554045372401272,1.157687140655196,-4.476332309260463,4.695810468396863, ,,,,,,,,,,,,,-6.220146896982524,0.000812615852309221,-6.219015061806315,0.000803792533067327,dailymodel0
2461050.738298102,2461050.738298102,0.0,-10.26038168744419,0.5541288760581392,,,110.18191980548505,149.09635519664366,324.005869,9.396288510628372,3.021967485800436,2025B-232911,1.1435,/storage/home/efg5335/work/OppositionSurge/neid/collected_fits/neidL2_20260110T053110.fits,-0.7515573399714706,1.1740082015383038,-1.5450763632382598,3.9262738782582876, ,,,,,,,,,,,,,-6.386631812287428,0.000832320909168309,-6.385606550753554,0.000823155575816291,dailymodel0
2461050.74236859,2461050.74236859,0.0,-22.905251777282764,0.5767177532241475,,,105.66350509284892,143.36409128452755,324.005279,9.567893561330036,3.011332214098061,2025B-232911,1.1304,/storage/home/efg5335/work/OppositionSurge/neid/collected_fits/neidL2_20260110T053702.fits,0.12035591725224237,1.2228253989818434,0.022821188808011678,4.5058577531562785, ,,,,,,,,,,,,,-6.581654965309471,0.000879851939271826,-6.580633046343272,0.000869924814312282,dailymodel0
2461050.746439075,2461050.746439075,0.0,-22.947083971304178,0.5641466909508459,,,107.71102869335132,145.62849898954866,324.005945,9.738803326124302,3.001338894388366,2025B-232911,1.1183,/storage/home/efg5335/work/OppositionSurge/neid/collected_fits/neidL2_20260110T054254.fits,-1.2234343732305,1.1959328925514998,-5.3079880372355355,4.260479957872089, ,,,,,,,,,,,,,-6.763194211758805,0.000874302822668941,-6.762098375095794,0.000864786031139146,dailymodel0
2461050.7505095643,2461050.7505095643,0.0,-18.401520753581934,0.5281856720149026,,,114.84402340598436,155.23997043454565,324.005556,9.909014536423703,2.991502888883084,2025B-232911,1.1069,/storage/home/efg5335/work/OppositionSurge/neid/collected_fits/neidL2_20260110T054845.fits,-4.250485176237792,1.1197521870778384,0.5849198009160776,4.86951289404901, ,,,,,,,,,,,,,-6.937259746369071,0.00083032528654193,-6.936237101639458,0.000821506668359163,dailymodel0
2461050.7545800554,2461050.7545800554,0.0,-18.807113758596305,0.6381837692331072,,,95.46589785292983,129.8588570194542,324.005392,10.07852354553853,2.981074801574951,2025B-232911,1.0963,/storage/home/efg5335/work/OppositionSurge/neid/collected_fits/neidL2_20260110T055437.fits,0.9619676416595421,1.353952415178389,-4.132718380852347,6.502602967073689,-,,,,,,,,,,,,,-7.118565478806247,0.001017011177775257,-7.117372269429334,0.001005536905606166,dailymodel0
2461050.7586505464,2461050.7586505464,0.0,-23.301782859102957,0.5763556357207419,,,105.46163568501136,142.3021725414466,324.005229,10.247326812754205,2.970354243130949,2025B-232911,1.0865,/storage/home/efg5335/work/OppositionSurge/neid/collected_fits/neidL2_20260110T060029.fits,-4.162343442242103,1.2211945712009582,-0.6231812375267752,5.180205230338219,i,,,,,,,,,,,,,-7.302430244058841,0.000935691557104584,-7.301447078091442,0.000925793538372656,dailymodel0
2461050.7627210272,2461050.7627210272,0.0,-19.06767981734173,0.6072032523787837,,,100.344725846664,135.85851701139424,324.005389,10.415420567499273,2.960078951754691,2025B-232911,1.0774,/storage/home/efg5335/work/OppositionSurge/neid/collected_fits/neidL2_20260110T060621.fits,-3.1965609136170547,1.2876004518164363,-3.100153264763242,6.549841198196542,n,,,,,,,,,,,,,-7.477077285061714,0.000999073867481425,-7.476030070044898,0.000988588286536427,dailymodel0
2461050.766791521,2461050.766791521,0.0,-22.384919581822444,0.5241175154251159,,,115.53065875087366,155.07360994240307,324.005779,10.58280257797194,2.949263810066606,2025B-232911,1.069,/storage/home/efg5335/work/OppositionSurge/neid/collected_fits/neidL2_20260110T061212.fits,-6.60005706242647,1.109191628754539,-3.1315727640634856,4.8567034569717,f,,,,,,,,,,,,,-7.657466715431532,0.000881920532026827,-7.656519284154447,0.000873342078890479,dailymodel0
2461050.7708620103,2461050.7708620103,0.0,-25.231507961631404,0.5068277191426722,,,119.2591474465445,158.77190810166505,324.005366,10.74946893540704,2.938353693305475,2025B-232911,1.0612,/storage/home/efg5335/work/OppositionSurge/neid/collected_fits/neidL2_20260110T061804.fits,-9.281468541468486,1.0722440502123816,0.6975183363016983,5.31562516205327, ,,,,,,,,,,,,,-7.837725674370247,0.000868137874316149,-7.836788845582364,0.000860626200026412,dailymodel0
2461050.774932491,2461050.774932491,0.0,-20.380817633608366,0.5146401127687799,,,117.39069200235062,155.5014083485451,324.005615,10.915416451830108,2.92782205168559,2025B-232911,1.0541,/storage/home/efg5335/work/OppositionSurge/neid/collected_fits/neidL2_20260110T062356.fits,-8.220768580736417,1.0884919542475666,2.940625080773689,5.244906296341619,8,,,,,,,,,,,,,-8.009419666182994,0.000896733926932085,-8.008506012016644,0.000889544704315996,dailymodel0
2461050.7790029836,2461050.7790029836,0.0,-21.57244104258094,0.4968930012754912,,,120.51045626138793,157.9913549949811,324.00594,11.08064301978706,2.916752147302068,2025B-232911,1.0477,/storage/home/efg5335/work/OppositionSurge/neid/collected_fits/neidL2_20260110T062947.fits,-8.670913261564255,1.0510819512636373,8.50462125877027,3.9791658669842214,.,,,,,,,,,,,,,-8.186770920060205,0.000885642341146522,-8.185959174041782,0.000879691613481528,dailymodel0
2461050.7830734774,2461050.7830734774,0.0,-20.404717226315086,0.46951539812357473,,,127.32227311702201,166.21911202847357,324.004411,11.24514346753139,2.905813359932033,2025B-232911,1.0418,/storage/home/efg5335/work/OppositionSurge/neid/collected_fits/neidL2_20260110T063539.fits,-14.186541911195278,0.9923643847998518,2.080377628458432,4.2334838678568385,1,,,,,,,,,,,,,-8.361208873016617,0.000849036854517626,-8.360471377366816,0.000843857921406677,dailymodel0
2461050.7871439545,2461050.7871439545,0.0,-20.961091218874106,0.44376237376807615,,,134.89602872883373,174.49823338000255,324.006138,11.408916305619806,2.894646319655041,2025B-232911,1.0366,/storage/home/efg5335/work/OppositionSurge/neid/collected_fits/neidL2_20260110T064131.fits,-12.198380210412243,0.9375018522263121,-0.7505845137137435,4.537851069407183,9,,,,,,,,,,,,,-8.536613723122171,0.000813026354499011,-8.535897947065228,0.000808805126127106,dailymodel0
2461050.791214445,2461050.791214445,0.0,-19.108708997463058,0.4110424143785792,,,145.16741722214326,185.38166585082635,324.006053,11.571960614757925,2.883549603549941,2025B-232911,1.0319,/storage/home/efg5335/work/OppositionSurge/neid/collected_fits/neidL2_20260110T064722.fits,-12.823573942447226,0.8661527908007567,-0.2908558671224643,4.805919650811331,1,,,,,,,,,,,,,-8.708782618928002,0.000764147938752946,-8.708274154542755,0.000761269832898318,dailymodel0
2461051.865091699,2461051.865091699,0.0,9.17483831220156,0.749696408788007,,,80.61813040943463,103.66305693411314,323.822581,17.255001415394098,2.140673668658044,2025B-406758,1.0469,/storage/home/efg5335/work/OppositionSurge/neid/collected_fits/neidL2_20260111T083345.fits,-9.170574150393556,1.5904570259709188,-2.022983296091279,6.045649458580333,1,,,,,,,,,,,,,-15.10527480217872,0.004378245313578172,-15.10456018370619,0.004354235731125538,dailymodel0
2461051.869161119,2461051.869161119,0.0,3.145324547507484,0.812962836384499,,,74.59471828064085,96.53331880836875,324.005404,17.104864773584247,2.129814160008625,2025B-406758,1.0533,/storage/home/efg5335/work/OppositionSurge/neid/collected_fits/neidL2_20260111T083936.fits,-7.260415357804992,1.7253338588581906,3.55364932925997,7.289944206446775,7,,,,,,,,,,,,,-14.97210476267836,0.004450762349355239,-14.97144030932477,0.004426373283543276,dailymodel0
2461051.873231597,2461051.873231597,0.0,6.894416499102318,0.9972545127927209,,,61.40977567952491,80.38869116309881,324.004944,16.95378827668258,2.118206421702122,2025B-406758,1.0603,/storage/home/efg5335/work/OppositionSurge/neid/collected_fits/neidL2_20260111T084528.fits,-6.11850631552864,2.1234789363380466,-3.614976891152752,9.828520924639943,1,,,,,,,,,,,,,-14.82960566401547,0.005032963788165014,-14.82877719533838,0.00499926541787702,dailymodel0
2461051.8773020725,2461051.8773020725,0.0,1.0320561425060248,1.01027535041344,,,60.7044849527631,79.44509593761649,324.006221,16.801823397386226,2.10712356717008,2025B-406758,1.068,/storage/home/efg5335/work/OppositionSurge/neid/collected_fits/neidL2_20260111T085120.fits,-6.701313802814373,2.1505362713377467,7.060418891312493,9.773360100204968,5,,,,,,,,,,,,,-14.69276963507666,0.004786843561582682,-14.69192225417723,0.004756010304920757,dailymodel0
2461051.881372547,2461051.881372547,0.0,13.591812101124013,0.9645785731737241,,,63.130896229476605,81.98703654058521,324.005203,16.64898278374806,2.095392569344905,2025B-406758,1.0763,/storage/home/efg5335/work/OppositionSurge/neid/collected_fits/neidL2_20260111T085711.fits,-3.630981239970538,2.053719791948485,-6.397522979626811,7.202953035662578, ,,,,,,,,,,,,,-14.54130477304655,0.004319239604677475,-14.54043801357659,0.004292798812651846,dailymodel0
2461051.885443017,2461051.885443017,0.0,7.945381815093844,0.8237820429002848,,,73.51647882249603,94.66139834466259,324.005649,16.49527918114233,2.08446693814671,2025B-406758,1.0854,/storage/home/efg5335/work/OppositionSurge/neid/collected_fits/neidL2_20260111T090303.fits,-9.068720224764052,1.7507596805884234,-5.695989594958231,7.227343712021903, ,,,,,,,,,,,,,-14.40191832269735,0.003482070756772664,-14.40121004691202,0.003460476700668573,dailymodel0
2461051.889513495,2461051.889513495,0.0,3.6322998547725254,0.746438581572229,,,80.87915987922418,103.49965678236231,324.005432,16.340724729580298,2.073659156053657,2025B-406758,1.0951,/storage/home/efg5335/work/OppositionSurge/neid/collected_fits/neidL2_20260111T090855.fits,-6.65277683422964,1.5837459231203612,5.43760954244566,6.49697655260837,8,,,,,,,,,,,,,-14.26279164204363,0.003001213267053417,-14.26207426644015,0.002984550713531654,dailymodel0
2461051.8935839664,2461051.8935839664,0.0,-5.39563683230954,0.8875595178919232,,,68.63057625695838,88.80497605647903,324.005953,16.185332587086897,2.063357683455869,2025B-406758,1.1056,/storage/home/efg5335/work/OppositionSurge/neid/collected_fits/neidL2_20260111T091446.fits,-7.0130483543440105,1.887197636271873,0.9658462063966335,7.596715772165143,.,,,,,,,,,,,,,-14.12674004612915,0.003332771836317615,-14.12601888415431,0.003311030259429748,dailymodel0
2461051.897654453,2461051.897654453,0.0,11.179370109827746,1.0565285325877696,,,58.24015869417162,76.32585825792364,324.005258,16.029114584002308,2.051311633523826,2025B-406758,1.1169,/storage/home/efg5335/work/OppositionSurge/neid/collected_fits/neidL2_20260111T092038.fits,-7.226348962819358,2.2530553871315218,-21.853013778327558,8.595414730719371,1,,,,,,,,,,,,,-13.96581160447694,0.003670089954848987,-13.96494146178469,0.003642972224879051,dailymodel0
2461051.9038759926,2461051.9038759926,0.0,7.1531981294739575,0.8574620080938267,,,70.73132184372655,91.2554574614491,323.827978,15.788776996845256,2.035139912632072,2025B-406758,1.1357,/storage/home/efg5335/work/OppositionSurge/neid/collected_fits/neidL2_20260111T092936.fits,-3.374322915028832,1.8221384430817853,0.33327361095717517,7.390626162687932,9,,,,,,,,,,,,,-13.7461833191734,0.002804749751845483,-13.7452057516906,0.002786742417943586,dailymodel0
2461051.9079454397,2461051.9079454397,0.0,13.836662226762042,0.9517247462102916,,,64.12438758047179,83.16260968592066,324.005766,15.630567413438591,2.024049821370496,2025B-406758,1.1491,/storage/home/efg5335/work/OppositionSurge/neid/collected_fits/neidL2_20260111T093527.fits,-5.5899877597658465,2.0247761991311477,7.226556847255443,7.822481091073099,7,,,,,,,,,,,,,-13.59129324649087,0.00292804288772136,-13.59045620539555,0.002908084903113911,dailymodel0
2461051.9120159163,2461051.9120159163,0.0,10.07881421792057,0.8464437109560969,,,71.93506948634615,92.60963372693412,324.005323,15.471535531922822,2.013852423192101,2025B-406758,1.1635,/storage/home/efg5335/work/OppositionSurge/neid/collected_fits/neidL2_20260111T094119.fits,-3.622729009525679,1.7968030970850684,-3.439043146897645,7.912444348447963,0,,,,,,,,,,,,,-13.4474901870086,0.002495562396046999,-13.44670486296375,0.002478882439472093,dailymodel0
2461051.9160863967,2461051.9160863967,0.0,10.929365231468546,0.822105172769461,,,73.69006987058042,95.21490501109731,324.005629,15.311734027932717,2.003424595569171,2025B-406758,1.1788,/storage/home/efg5335/work/OppositionSurge/neid/collected_fits/neidL2_20260111T094710.fits,-8.458367247994197,1.7456354318781733,-12.857944091154176,7.03312416857202,6,,,,,,,,,,,,,-13.29769543623055,0.002320365809957343,-13.29681453533817,0.002303456586297399,dailymodel0
2461051.9201568654,2461051.9201568654,0.0,3.2728728133053124,0.8173799212006307,,,74.16207985786313,95.15174631139685,324.005892,15.151175861988039,1.993453500198066,2025B-406758,1.1951,/storage/home/efg5335/work/OppositionSurge/neid/collected_fits/neidL2_20260111T095302.fits,-5.705906567665992,1.7361180303664423,-3.784040135721679,5.92528954778287,9,,,,,,,,,,,,,-13.15394562144797,0.002211107897552855,-13.1530648034683,0.002196239870306189,dailymodel0
2461051.924227341,2461051.924227341,0.0,12.103213499946424,0.7956845642753732,,,76.11728800002729,97.55419801147812,324.005597,14.989872535253683,1.982745564281357,2025B-406758,1.2125,/storage/home/efg5335/work/OppositionSurge/neid/collected_fits/neidL2_20260111T095854.fits,-3.010975782105891,1.6894019598530992,0.778868997186402,7.489551946383277,3,,,,,,,,,,,,,-12.9944703140578,0.002061103777929857,-12.99382688137167,0.002047837353134974,dailymodel0
2461051.92829781,2461051.92829781,0.0,6.644471180496673,0.7162951950917337,,,84.25533563959719,107.99148166415863,324.005904,14.827836915987143,1.973132219269045,2025B-406758,1.231,/storage/home/efg5335/work/OppositionSurge/neid/collected_fits/neidL2_20260111T100446.fits,-7.986095526626075,1.517796941044803,-3.726690727730227,7.0064261749800725,8,,,,,,,,,,,,,-12.84845487404756,0.001794119750154418,-12.84777367412006,0.001782087339490181,dailymodel0
2461051.9323682864,2461051.9323682864,0.0,4.043063551152046,0.8467305145212165,,,72.08792972683216,93.41701399510723,324.005659,14.665080536373672,1.963336243759048,2025B-406758,1.2507,/storage/home/efg5335/work/OppositionSurge/neid/collected_fits/neidL2_20260111T101037.fits,-3.2924051949563395,1.7986672537372577,0.23092116455012207,6.81932577839812, ,,,,,,,,,,,,,-12.69729700363003,0.002027613875759697,-12.69629407347452,0.002011603309740376,dailymodel0
2461051.936438762,2461051.936438762,0.0,11.824110662049776,0.9228103550006995,,,66.6403355634457,87.21015421322709,324.005259,14.5016158857697,1.953152429762874,2025B-406758,1.2717,/storage/home/efg5335/work/OppositionSurge/neid/collected_fits/neidL2_20260111T101629.fits,-1.9029835737456309,1.9637991941239876,0.0585072969852005,8.436621722722078,8,,,,,,,,,,,,,-12.53682935140082,0.002116247392602095,-12.53591451930097,0.002098441819927549,dailymodel0
2461051.940509243,2461051.940509243,0.0,12.45336742628349,0.7279500745290047,,,83.94207151845933,109.13537055029335,324.005722,14.337454747585467,1.943411007400463,2025B-406758,1.294,/storage/home/efg5335/work/OppositionSurge/neid/collected_fits/neidL2_20260111T102221.fits,-4.060605818304627,1.5434762597317997,-4.175580994421111,6.211305600501472,.,,,,,,,,,,,,,-12.38219112442609,0.001639913648819243,-12.38136030448935,0.001625447422059841,dailymodel0
2461051.946760152,2461051.946760152,0.0,9.836439844804326,0.7980323954443511,,,76.5079706155832,99.87535731147508,323.777916,14.084029532404324,1.929011708593818,2025B-406758,1.3313,/storage/home/efg5335/work/OppositionSurge/neid/collected_fits/neidL2_20260111T103121.fits,-2.987168967515215,1.6939318891918538,-5.872639288200206,5.921369069109938,2,,,,,,,,,,,,,-12.14524270306431,0.001719823389816052,-12.14416825230932,0.001704560595069757,dailymodel0
2461051.950829309,2461051.950829309,0.0,3.28298509719129,0.7608671191772031,,,79.99735515219095,104.28620747501694,324.005754,13.918210590983412,1.920200207807188,2025B-406758,1.3575,/storage/home/efg5335/work/OppositionSurge/neid/collected_fits/neidL2_20260111T103712.fits,-1.2394862024075821,1.613198131560336,-5.4288251496817805,6.695997010507647,0,,,,,,,,,,,,,-11.99492159877012,0.001606865650557139,-11.99391189435761,0.001593012707822939,dailymodel0
2461051.954899786,2461051.954899786,0.0,9.571758226606754,0.6950974674176026,,,87.13805478149479,112.40311138530713,324.005637,13.751683853063698,1.910762534612986,2025B-406758,1.3854,/storage/home/efg5335/work/OppositionSurge/neid/collected_fits/neidL2_20260111T104304.fits,-3.556898364193046,1.4713172422893213,-1.746545813463483,6.7615328271502175,3,,,,,,,,,,,,,-11.83252867646644,0.001439458467794892,-11.83162504026014,0.001428808370692721,dailymodel0
2461051.958970252,2461051.958970252,0.0,0.4022203494611428,0.7391466931974466,,,81.79957664570848,105.58283392668444,324.005735,13.584515162356553,1.90244729983315,2025B-406758,1.4152,/storage/home/efg5335/work/OppositionSurge/neid/collected_fits/neidL2_20260111T104856.fits,-1.4482211400321126,1.5648994900019693,-5.297264258617378,6.505913356977988,0,,,,,,,,,,,,,-11.68266541220384,0.001502703057228061,-11.68178063160262,0.001491386736728434,dailymodel0
2461051.9630407286,2461051.9630407286,0.0,8.19080851466773,0.8136706351771603,,,75.02533401492698,97.64490746192122,324.005533,13.41671533977565,1.893253438277386,2025B-406758,1.4471,/storage/home/efg5335/work/OppositionSurge/neid/collected_fits/neidL2_20260111T105447.fits,-1.4833113146497685,1.7267748442109165,-12.539673774936707,8.587887967940386,0,,,,,,,,,,,,,-11.51499493147317,0.001616690288350043,-11.51405867935978,0.001602915654809049,dailymodel0
2461051.967111204,2461051.967111204,0.0,15.09814220464879,0.8333012994094047,,,73.34538973324716,94.27337142744511,324.005286,13.24829641110276,1.88433676903767,2025B-406758,1.481,/storage/home/efg5335/work/OppositionSurge/neid/collected_fits/neidL2_20260111T110039.fits,3.4533318234505415,1.7692559532749201,8.039082056416294,6.940966877327809,6,,,,,,,,,,,,,-11.34978491543282,0.001628669504047023,-11.34878901599502,0.001616365467727981,dailymodel0
2461051.971181683,2461051.971181683,0.0,19.326853591225,0.8387305501138193,,,72.44775866799574,91.88702413443056,324.005766,13.079269789434244,1.875835454102462,2025B-406758,1.5174,/storage/home/efg5335/work/OppositionSurge/neid/collected_fits/neidL2_20260111T110631.fits,-0.2190826448437152,1.7805020814058603,-0.1646798582552835,7.852480566691701,3,,,,,,,,,,,,,-11.18522187213278,0.00162847998449656,-11.18449449566146,0.001617905661888383,dailymodel0
2461051.9752521487,2461051.9752521487,0.0,14.391363685652669,0.8077364367754671,,,75.15957515308916,95.92362987467068,324.00577,12.909647537363584,1.867786398407351,2025B-406758,1.5562,/storage/home/efg5335/work/OppositionSurge/neid/collected_fits/neidL2_20260111T111222.fits,3.925110984876522,1.7111786005180643,0.9534245319362594,5.6983944311691275,3,,,,,,,,,,,,,-11.0277496541445,0.001561892444200206,-11.02688914323055,0.001550499662016083,dailymodel0
2461051.9793226244,2461051.9793226244,0.0,14.946080385220352,0.7840316538083757,,,77.37681330514094,98.09464819584298,324.005669,12.73944003180058,1.859839283495194,2025B-406758,1.5979,/storage/home/efg5335/work/OppositionSurge/neid/collected_fits/neidL2_20260111T111814.fits,-1.1507654672136354,1.6619937880746642,1.2492567263451007,7.016064761711511,"
",,,,,,,,,,,,,-10.86718210639783,0.00150794430635901,-10.8664121402605,0.001497505690244432,dailymodel0
2461051.9833931006,2461051.9833931006,0.0,-0.00819500955698102,0.6613172483660649,,,91.61814359400498,116.85172684356417,324.005584,12.568658956970193,1.852590706588768,2025B-406758,1.6426,/storage/home/efg5335/work/OppositionSurge/neid/collected_fits/neidL2_20260111T112406.fits,-0.4140090361894904,1.4002124032928267,-2.486500600064617,6.092660962921069, ,,,,,,,,,,,,,-10.71600986727083,0.001275995418736465,-10.71517092891982,0.001266262833008969,dailymodel0
2461051.9874635744,2461051.9874635744,0.0,3.339582010120964,0.6289875666260172,,,96.8130865124434,125.45783679409264,324.005098,12.397315570667281,1.844883763429704,2025B-406758,1.6905,/storage/home/efg5335/work/OppositionSurge/neid/collected_fits/neidL2_20260111T112957.fits,-0.42729790961726105,1.3316358272392823,-0.19835687951711944,5.283412784388847,8,,,,,,,,,,,,,-10.5498984548438,0.001215003029798653,-10.5488515148559,0.001203313969284968,dailymodel0
2461051.991534043,2461051.991534043,0.0,2.5909390987306957,0.7890859351348976,,,77.94977523512824,102.30172854800395,324.0059,12.225421035362322,1.837506121073707,2025B-406758,1.7422,/storage/home/efg5335/work/OppositionSurge/neid/collected_fits/neidL2_20260111T113549.fits,4.152484871850464,1.6725613742487324,1.8097249792976258,6.379957067769103,.,,,,,,,,,,,,,-10.38593842665643,0.001511051228901256,-10.38456732476249,0.001494767565055276,dailymodel0
2461051.9956045183,2461051.9956045183,0.0,4.902283446993333,1.0161105130243753,,,61.487506764828815,82.2850538921228,324.005637,12.0529858774087,1.830232165172537,2025B-406758,1.798,/storage/home/efg5335/work/OppositionSurge/neid/collected_fits/neidL2_20260111T114141.fits,13.738972564359972,2.1618639181144634,-12.868293184049652,9.130406977900778,2,,,,,,,,,,,,,-10.22027711606636,0.001916503308799956,-10.21883358794906,0.00189250032293535,dailymodel0
2461052.001708636,2461052.001708636,0.0,3.1405161229493896,1.0211280718791178,,,61.079900159455136,81.19632051327815,323.758807,11.793411628704346,1.819820237583649,2025B-406758,1.8898,/storage/home/efg5335/work/OppositionSurge/neid/collected_fits/neidL2_20260111T115028.fits,15.435626937156652,2.172267019777976,-5.039980225783837,9.60322248112936,0,,,,,,,,,,,,,-9.97127519980466,0.001926708692878779,-9.970068489969321,0.001903608961499948,dailymodel0
2461052.0057776812,2461052.0057776812,0.0,5.328811432880356,1.360067910972271,,,46.68674343656237,63.09726497166921,324.005592,11.619734163812558,1.813066451856845,2025B-406758,1.9575,/storage/home/efg5335/work/OppositionSurge/neid/collected_fits/neidL2_20260111T115620.fits,28.22286612010864,2.904357246271262,9.955658045747734,11.927967281074645,8,,,,,,,,,,,,,-9.803178754040248,0.002505374685174928,-9.801861203938195,0.002473600500565357,dailymodel0
2461052.009848148,2461052.009848148,0.0,-0.813468489888472,1.7508661961802041,,,36.991723527519774,50.648046611301595,324.005955,11.4454933217058,1.806880596638859,2025B-406758,2.0312,/storage/home/efg5335/work/OppositionSurge/neid/collected_fits/neidL2_20260111T120211.fits,59.18231368474091,3.749907392127008,9.69818342246013,14.652732550912528,9,,,,,,,,,,,,,-9.641835595753523,0.003137987702927098,-9.639965656276571,0.003096373788107953,dailymodel0
2461052.0139186205,2461052.0139186205,0.0,16.43429001465481,1.9474861811622883,,,33.60747618637426,46.10291489476803,324.005407,11.270759929523065,1.800132739456527,2025B-406758,2.1116,/storage/home/efg5335/work/OppositionSurge/neid/collected_fits/neidL2_20260111T120803.fits,71.66290338512903,4.177664845353365,3.009055509248161,16.30731428644882,7,,,,,,,,,,,,,-9.459450357003387,0.003429220928529569,-9.458496104358105,0.003385358121848725,dailymodel0
2461052.017989098,2461052.017989098,0.0,9.474873797837368,1.8127878731667444,,,35.951175832843276,49.326850322625674,324.005699,11.095544378685824,1.794209453104906,2025B-406758,2.1993,/storage/home/efg5335/work/OppositionSurge/neid/collected_fits/neidL2_20260111T121355.fits,67.25565144389294,3.8872870647054274,-10.272244365796274,11.096240958553325,3,,,,,,,,,,,,,-9.296078005910873,0.00320492126300312,-9.295144020137391,0.003160421403976006,dailymodel0
2461052.0220595608,2461052.0220595608,0.0,8.70562375990734,1.669715595823798,,,39.03394362027872,53.50461872740405,324.005454,10.919857847906982,1.7884357563076,2025B-406758,2.295,/storage/home/efg5335/work/OppositionSurge/neid/collected_fits/neidL2_20260111T121946.fits,50.611308358442656,3.5753076729017645,-14.832026193703534,13.085600353863287,5,,,,,,,,,,,,,-9.125398577693804,0.002958683281181611,-9.12416477384436,0.002914854869114706,dailymodel0
2461052.0261300355,2461052.0261300355,0.0,18.968855466241102,1.680136029159843,,,38.91179820271463,54.36089232958005,324.005393,10.74370935778764,1.782627792244013,2025B-406758,2.4009,/storage/home/efg5335/work/OppositionSurge/neid/collected_fits/neidL2_20260111T122538.fits,62.7079603812382,3.5993381509120557,6.931694676198794,15.563795174983603,6,,,,,,,,,,,,,-8.948164060250518,0.002957267481276379,-8.94645366203026,0.002906449089498649,dailymodel0
2461052.705314177,2461052.705314177,0.0,0.35332654351208015,0.39703500415574483,,,150.21620970960683,198.0883305145708,323.854434,-19.916334439732864,2.030671508024042,2025B-232911,1.2525,/storage/home/efg5335/work/OppositionSurge/neid/collected_fits/neidL2_20260112T044339.fits,-5.475799494676242,0.838737501266131,3.437183237550668,4.193040131144682, ,,,,,,,,,,,,,21.9489449840735,0.03320097078446046,21.94993877448784,0.03319326146089042,dailymodel0
2461052.709383781,2461052.709383781,0.0,-0.5914933050690123,0.36818778452939366,,,161.2230583881537,209.79372858754394,324.005351,-20.078152326554275,2.021833288761863,2025B-232911,1.2326,/storage/home/efg5335/work/OppositionSurge/neid/collected_fits/neidL2_20260112T044931.fits,-4.908899423330349,0.778095471805899,-1.5512632167264329,3.1782368412282502,8,,,,,,,,,,,,,22.10127536132509,0.03080920111512031,22.10222443086542,0.0309807404383479,dailymodel0
2461052.713454261,2461052.713454261,0.0,1.7261642718842283,0.35798215729276034,,,165.03261181947573,213.83966266978942,324.005561,-20.239229706605354,2.012636389587481,2025B-232911,1.214,/storage/home/efg5335/work/OppositionSurge/neid/collected_fits/neidL2_20260112T045523.fits,-6.917492330933172,0.7553270647223761,5.736523848054167,4.203775898921917,.,,,,,,,,,,,,,22.25584050931435,0.03012653347864064,22.25666893098219,0.03029759934769754,dailymodel0
2461052.71752473,2461052.71752473,0.0,-2.0372218773747135,0.3430560892408713,,,172.5064680059679,222.01246752229585,324.005926,-20.399517859946453,2.003629253109837,2025B-232911,1.1966,/storage/home/efg5335/work/OppositionSurge/neid/collected_fits/neidL2_20260112T050114.fits,-5.415856874983464,0.7238543281708851,6.294123621861109,4.1759505391298894,2,,,,,,,,,,,,,22.40320562637418,0.028670808775836,22.40402564228445,0.02894248537561042,dailymodel0
2461052.7215952086,2461052.7215952086,0.0,-2.0881823469367458,0.3359326577252415,,,175.72607586486473,226.4267366894311,324.005855,-20.559004257646873,1.994255059467791,2025B-232911,1.1801,/storage/home/efg5335/work/OppositionSurge/neid/collected_fits/neidL2_20260112T050706.fits,-6.7193558505717,0.7085108819485395,3.6332497658632787,3.107935979407914,1,,,,,,,,,,,,,22.55309615120118,0.02797289734224036,22.55383774047136,0.02816026579535601,dailymodel0
2461052.725665686,2461052.725665686,0.0,-3.0758941430320683,0.3353550937713787,,,176.76130051194818,227.98207867487665,324.005703,-20.717675176159197,1.984763194292797,2025B-232911,1.1647,/storage/home/efg5335/work/OppositionSurge/neid/collected_fits/neidL2_20260112T051258.fits,-5.5456166447937,0.7077725285416123,3.417208206241881,3.0291866528482663,4,,,,,,,,,,,,,22.70177025680341,0.02741523519208798,22.70257497685423,0.02764950265149898,dailymodel0
2461052.7297361535,2461052.7297361535,0.0,-2.8696833963971047,0.32454344148146475,,,181.4644105195871,233.28021004891988,324.005877,-20.8755167358357,1.975139663572796,2025B-232911,1.1504,/storage/home/efg5335/work/OppositionSurge/neid/collected_fits/neidL2_20260112T051849.fits,-5.2451386278441445,0.6844446242785485,2.3470340452948126,2.9015068525651793,9,,,,,,,,,,,,,22.84951150205735,0.02708216278575689,22.85025119969792,0.02734004182069969,dailymodel0
2461052.733806631,2461052.733806631,0.0,-2.5221948690032465,0.3260752672879942,,,180.971540873517,232.11122742003352,324.005839,-21.032516223121288,1.965298953489139,2025B-232911,1.1368,/storage/home/efg5335/work/OppositionSurge/neid/collected_fits/neidL2_20260112T052441.fits,-5.875211348473781,0.6872973110782676,2.9820523542987116,3.4660481525588396,7,,,,,,,,,,,,,22.99789209389219,0.02683054530732445,22.9986167733013,0.02705796400035261,dailymodel0
2461052.73787711,2461052.73787711,0.0,-3.0436692801427148,0.3484754354586425,,,169.7057620778539,219.57382858244802,324.005935,-21.18865989466477,1.955424226610128,2025B-232911,1.1242,/storage/home/efg5335/work/OppositionSurge/neid/collected_fits/neidL2_20260112T053033.fits,-8.121228478075892,0.7353818930492554,6.3127237487261665,3.568807655125993,8,,,,,,,,,,,,,23.1433993181417,0.02958404011076637,23.1441531573745,0.02989013801893976,dailymodel0
2461052.741947584,2461052.741947584,0.0,-1.6980669309976044,0.3297947635951558,,,178.33692873976173,229.30354461162992,324.005286,-21.343933903369827,1.945264411697596,2025B-232911,1.1125,/storage/home/efg5335/work/OppositionSurge/neid/collected_fits/neidL2_20260112T053624.fits,-5.897996034566597,0.6956916833567282,-1.5559919132475173,2.988743839090572,6,,,,,,,,,,,,,23.29005725955092,0.02736663363486663,23.29084045901399,0.02760138566657714,dailymodel0
2461052.7460180516,2461052.7460180516,0.0,-1.4342875764357257,0.32357661251924796,,,182.0879526871211,231.83259271292198,324.005539,-21.498324599379036,1.935028075725594,2025B-232911,1.1015,/storage/home/efg5335/work/OppositionSurge/neid/collected_fits/neidL2_20260112T054216.fits,-5.668528902153639,0.6816747214471267,6.00838140220233,3.159928129878203,4,,,,,,,,,,,,,23.43441280008493,0.02664582222033022,23.43502540196089,0.02695043344722808,dailymodel0
2461052.752301733,2461052.752301733,0.0,-0.8588538482361154,0.321765186099141,,,182.21121759642733,231.27856076427165,323.794845,-21.734896076887637,1.919014397514693,2025B-232911,1.086,/storage/home/efg5335/work/OppositionSurge/neid/collected_fits/neidL2_20260112T055119.fits,-6.951842765429615,0.6778804568464208,0.5498978167447329,3.846792251501766, ,,,,,,,,,,,,,23.65519158089697,0.02686129750046186,23.65580687607674,0.02716643246852577,dailymodel0
2461052.756370991,2461052.756370991,0.0,-3.4545101512491896,0.3368959319610686,,,174.3127718046654,222.6951515469553,324.006059,-21.886934265051693,1.908699443108476,2025B-232911,1.0769,/storage/home/efg5335/work/OppositionSurge/neid/collected_fits/neidL2_20260112T055711.fits,-7.637491652974321,0.7101721070575473,1.8908031199675936,3.2160794606007923,8,,,,,,,,,,,,,23.79502436757701,0.02813602415567111,23.79569906530322,0.02844048393273816,dailymodel0
2461052.7604414574,2461052.7604414574,0.0,-0.7760351881710983,0.34005481532670095,,,173.25260602970332,222.41052909459538,324.006217,-22.038086472502606,1.897883617116396,2025B-232911,1.0685,/storage/home/efg5335/work/OppositionSurge/neid/collected_fits/neidL2_20260112T060302.fits,-7.61217318038878,0.7165704939504206,0.4779331402983812,4.0035408100822725,.,,,,,,,,,,,,,23.93809329355903,0.02843244584592855,23.93876072743897,0.02865453153458173,dailymodel0
2461052.7645119387,2461052.7645119387,0.0,1.1605664828652777,0.32677520525874754,,,179.68960267267624,230.48194933638766,324.004977,-22.188294334198506,1.887117983821208,2025B-232911,1.0608,/storage/home/efg5335/work/OppositionSurge/neid/collected_fits/neidL2_20260112T060854.fits,-7.153397622594395,0.688713428749286,1.5715950015242388,3.786647152172541,2,,,,,,,,,,,,,24.0795029408218,0.02710182413713647,24.08018112786908,0.02737381020026236,dailymodel0
2461052.7685824153,2461052.7685824153,0.0,-1.282400741855886,0.3238667155569473,,,180.9873174016819,231.85234302256058,324.004953,-22.33754352575554,1.876445851817584,2025B-232911,1.0537,/storage/home/efg5335/work/OppositionSurge/neid/collected_fits/neidL2_20260112T061446.fits,-7.55859753248301,0.6822199240091587,-0.5271327566408764,3.6964713630957875,2,,,,,,,,,,,,,24.2150586943076,0.02688510144270318,24.21566657052801,0.02715840424409828,dailymodel0
2461052.772652883,2461052.772652883,0.0,2.2696917561890246,0.3441291313743134,,,170.6680848421058,220.511380962977,324.005343,-22.485820212159357,1.865289108789334,2025B-232911,1.0473,/storage/home/efg5335/work/OppositionSurge/neid/collected_fits/neidL2_20260112T062037.fits,-7.197215414655755,0.7251208460113762,3.519984372550166,3.2956045866000245,1,,,,,,,,,,,,,24.35531504567133,0.02874292800051341,24.35606317087633,0.02894812235376044,dailymodel0
2461052.776723361,2461052.776723361,0.0,-3.147227065943359,0.3507588076038146,,,167.68769440098092,216.99962714225674,324.005595,-22.633111522090367,1.854688756821579,2025B-232911,1.0415,/storage/home/efg5335/work/OppositionSurge/neid/collected_fits/neidL2_20260112T062629.fits,-7.698344617568213,0.7394454495810879,-1.7422239980151086,3.0701445898646247,0,,,,,,,,,,,,,24.48692943039837,0.0292413070114139,24.48763589469922,0.02946801936788848,dailymodel0
2461052.7807938326,2461052.7807938326,0.0,1.2584154665428622,0.3346106738034345,,,175.68887164099306,226.52181443545257,324.004742,-22.779403174433465,1.843373660506019,2025B-232911,1.0362,/storage/home/efg5335/work/OppositionSurge/neid/collected_fits/neidL2_20260112T063221.fits,-8.429057473067685,0.7047946346015208,-4.335554767981569,3.509453409934535,2,,,,,,,,,,,,,24.6255281949393,0.02732278186006872,24.62624492810592,0.02760512340509928,dailymodel0
2461052.7848643037,2461052.7848643037,0.0,1.4227104436977391,0.3339645577165652,,,175.59044510930096,226.26374175608385,324.005803,-22.924681816454367,1.832100873265553,2025B-232911,1.0316,/storage/home/efg5335/work/OppositionSurge/neid/collected_fits/neidL2_20260112T063812.fits,-8.142844287316903,0.704156881049031,-3.9542724776123945,3.5318760165762386,3,,,,,,,,,,,,,24.76057536560079,0.02729368993924096,24.76123833477106,0.02752913450564292,dailymodel0
2461052.78893477,2461052.78893477,0.0,3.8047021844300875,0.3199697936688032,,,183.27084393527318,235.0277776048521,324.006122,-23.068933746539578,1.820708086746401,2025B-232911,1.0276,/storage/home/efg5335/work/OppositionSurge/neid/collected_fits/neidL2_20260112T064404.fits,-9.526525610080185,0.6741302843651281,-3.881978209192754,3.963223241151722,6,,,,,,,,,,,,,24.89605707580194,0.02638665714302092,24.8966498444012,0.02661779462926068,dailymodel0
2461052.7930052434,2461052.7930052434,0.0,-3.9049629940446398,0.34271281583577934,,,171.8322367112388,223.0596459349322,324.005757,-23.21214577960455,1.809992902246845,2025B-232911,1.0241,/storage/home/efg5335/work/OppositionSurge/neid/collected_fits/neidL2_20260112T064956.fits,-8.934341955216617,0.7218489048822914,-4.176181487311883,3.400110629225521,7,,,,,,,,,,,,,25.02024791401331,0.02781136183825212,25.02100726474999,0.02797023410864319,dailymodel0
2461052.7970757196,2461052.7970757196,0.0,0.3732676890366864,0.3243357503437118,,,180.38957101078992,230.89732109192903,324.005798,-23.35430426213067,1.798330122492074,2025B-232911,1.0211,/storage/home/efg5335/work/OppositionSurge/neid/collected_fits/neidL2_20260112T065547.fits,-8.150196025099595,0.6830771757352818,-5.901870709354756,4.1152977712682075, ,,,,,,,,,,,,,25.15581895231495,0.02629984238699879,25.15647686978446,0.0264982136861867,dailymodel0
2461052.803982406,2461052.803982406,0.0,2.5910791008802763,0.3276096405698489,,,179.3955037486461,230.91028856047285,323.828091,-23.593066665952975,1.778715051140936,2025B-232911,1.0174,/storage/home/efg5335/work/OppositionSurge/neid/collected_fits/neidL2_20260112T070544.fits,-8.2574162715596,0.6894644672755393,-1.4303430032345748,3.0559005441716565,8,,,,,,,,,,,,,25.37729469756276,0.02706491124272827,25.37802466782188,0.02726581639598246,dailymodel0
2461052.8080518492,2461052.8080518492,0.0,2.9994716418304557,0.33770948857503674,,,174.51236861372666,226.33769040799328,324.005721,-23.732281359339638,1.767287563549745,2025B-232911,1.0159,/storage/home/efg5335/work/OppositionSurge/neid/collected_fits/neidL2_20260112T071136.fits,-7.212687302911074,0.7115412150956052,-1.3949346863234175,2.999776723007469,.,,,,,,,,,,,,,25.50481818438729,0.02744618905115037,25.50559866227896,0.02758822405870884,dailymodel0
2461052.8121223254,2461052.8121223254,0.0,-0.901029827261117,0.29568333687956944,,,198.66426901931445,253.79746575489563,324.005921,-23.870428162825956,1.756109566683832,2025B-232911,1.015,/storage/home/efg5335/work/OppositionSurge/neid/collected_fits/neidL2_20260112T071727.fits,-7.624079667631744,0.6228748317698782,-0.7870941485874965,3.5526880423559066,2,,,,,,,,,,,,,25.62825509975122,0.02432937298000218,25.6289223919705,0.02452450138654587,dailymodel0
2461052.816192801,2461052.816192801,0.0,2.7416560111367336,0.320942355010788,,,183.6491278954867,237.46183156693232,324.006012,-24.007458248899514,1.744200923901714,2025B-232911,1.0145,/storage/home/efg5335/work/OppositionSurge/neid/collected_fits/neidL2_20260112T072319.fits,-8.263112062546721,0.6758184907168614,-3.053345342497936,4.778547212987857,2,,,,,,,,,,,,,25.75763049266987,0.02557747994335212,25.75836094868031,0.02571124776425606,dailymodel0
2461052.8202632754,2461052.8202632754,0.0,0.6293504687615452,0.31745050731075103,,,186.29982592943972,239.93459912248971,324.005873,-24.14335837526118,1.732849015867995,2025B-232911,1.0147,/storage/home/efg5335/work/OppositionSurge/neid/collected_fits/neidL2_20260112T072911.fits,-7.5906847792804,0.6682594895949716,-2.991539421814909,3.52439509243293,7,,,,,,,,,,,,,25.87911492872168,0.02549098761845645,25.87985090558556,0.02570540330432563,dailymodel0
2461052.8243337395,2461052.8243337395,0.0,1.6311497325288118,0.3318124385090652,,,177.85437383415137,231.04325774654612,324.006048,-24.278115022924837,1.721208355903261,2025B-232911,1.0153,/storage/home/efg5335/work/OppositionSurge/neid/collected_fits/neidL2_20260112T073503.fits,-8.070542579502815,0.6993713690171777,-2.7366657495064377,3.836004637740916,1,,,,,,,,,,,,,26.00279886826734,0.02668319819197661,26.00363226982699,0.02687393679304201,dailymodel0
2461052.8284042114,2461052.8284042114,0.0,-8.575832783338084,0.3906125396309434,,,152.07856253094533,200.1065510606697,324.005568,-24.411715615231046,1.710442279825814,2025B-232911,1.0165,/storage/home/efg5335/work/OppositionSurge/neid/collected_fits/neidL2_20260112T074054.fits,-10.802552523087678,0.8246191132118961,5.1685888650323815,3.4028106979992754,0,,,,,,,,,,,,,26.11605389818707,0.03151054597939331,26.1169538803711,0.03166310112898383,dailymodel0
2461052.8324746755,2461052.8324746755,0.0,8.061529822202234,0.32199922884653376,,,183.15601716535463,235.5512534616484,324.005788,-24.54414657314999,1.697443093355981,2025B-232911,1.0182,/storage/home/efg5335/work/OppositionSurge/neid/collected_fits/neidL2_20260112T074646.fits,-10.30330972975869,0.6793807064403523,-4.876556770276971,3.1628469115662616,0,,,,,,,,,,,,,26.25245504828357,0.025747731579021,26.2531889818168,0.02590989288174059,dailymodel0
2461052.8365451484,2461052.8365451484,0.0,5.54880578537878,0.3323245026296149,,,177.8705900797344,230.89599967743052,324.005472,-24.675395410553755,1.686091840757138,2025B-232911,1.0205,/storage/home/efg5335/work/OppositionSurge/neid/collected_fits/neidL2_20260112T075238.fits,-9.20369457911383,0.7003358809297111,2.943530205986998,3.5360014555510952,7,,,,,,,,,,,,,26.3697662918024,0.0257287071941826,26.37055701905264,0.02595273547754335,dailymodel0
2461052.840615623,2461052.840615623,0.0,4.026586698958626,0.29859534655847797,,,197.43346428402148,252.5745143444963,324.005634,-24.80544896885158,1.67471995057743,2025B-232911,1.0233,/storage/home/efg5335/work/OppositionSurge/neid/collected_fits/neidL2_20260112T075829.fits,-9.112109038003348,0.6292259355784167,3.5615106389987523,3.1527668910189193,7,,,,,,,,,,,,,26.48661029747633,0.02365665374642848,26.48721852281011,0.02385812492847633,dailymodel0
2461052.844686095,2461052.844686095,0.0,-3.5491102290009438,0.3513606909679754,,,168.34294684965707,219.71550742901206,324.005344,-24.934294211037873,1.663834366942841,2025B-232911,1.0266,/storage/home/efg5335/work/OppositionSurge/neid/collected_fits/neidL2_20260112T080421.fits,-11.157666929670498,0.7410899042466929,4.2971473488803,3.7261742189069667, ,,,,,,,,,,,,,26.59742715525454,0.02799705468246608,26.59823767486045,0.02823964080284148,dailymodel0
2461052.8487565597,2461052.8487565597,0.0,6.047813036958295,0.32724164963545055,,,180.10309661794588,233.15081266598577,324.005753,-25.061918298810422,1.65136830654572,2025B-232911,1.0306,/storage/home/efg5335/work/OppositionSurge/neid/collected_fits/neidL2_20260112T081013.fits,-9.603015278629291,0.6896972759608831,0.8576264597699618,3.416617623653519,8,,,,,,,,,,,,,26.72228609892883,0.02595948009632143,26.72306382156527,0.02618912024898375,dailymodel0
2461052.851024623,2461052.851024623,0.0,6.11493886748812,1.748686454898911,,,35.34479085128042,46.45286177404342,12.550922,-25.132496090282615,1.645239260528952,2025B-232911,1.035,/storage/home/efg5335/work/OppositionSurge/neid/collected_fits/neidL2_20260112T081604.fits,-57.738649232503235,3.7866012814260164,-6.952009649040847,14.464598799165328,.,,,,,,,,,,,,,26.78618223040376,0.1082292191584724,26.78678589865352,0.1080262863863975,dailymodel0
2461052.855270485,2461052.855270485,0.0,1.8557241682481744,0.29953259585820907,,,196.9779849302346,252.85232091892917,323.741788,-25.263581980892937,1.633323898458676,2025B-232911,1.038,/storage/home/efg5335/work/OppositionSurge/neid/collected_fits/neidL2_20260112T081936.fits,-8.351881888014235,0.6314230588031601,2.4896128501040007,3.5033593562761705,2,,,,,,,,,,,,,26.90179873748832,0.02341522619074881,26.90247947693825,0.02361753584845801,dailymodel0
2461052.8593394305,2461052.8593394305,0.0,1.3627218822400928,0.3181581535739015,,,186.12004969866544,241.38755098506093,324.005809,-25.38792596186643,1.621902978597541,2025B-232911,1.0434,/storage/home/efg5335/work/OppositionSurge/neid/collected_fits/neidL2_20260112T082527.fits,-9.012125336386784,0.6704494914424852,5.395169061150055,3.2946649653568296,3,,,,,,,,,,,,,27.01421072885757,0.02501317128911821,27.01498285623309,0.02527749638441453,dailymodel0
2461052.863409905,2461052.863409905,0.0,1.5901334646008993,0.33917342779458404,,,174.99743945280562,228.7947845723858,324.006033,-25.51105079533036,1.610436298805141,2025B-232911,1.0495,/storage/home/efg5335/work/OppositionSurge/neid/collected_fits/neidL2_20260112T083119.fits,-10.35635486500482,0.715203622165588,4.50733679716502,3.3875838012479718,3,,,,,,,,,,,,,27.12537939685585,0.02638446785518526,27.1262818243197,0.02659322639174481,dailymodel0
2461052.867480366,2461052.867480366,0.0,-0.8242389558809387,0.3786008330196184,,,157.44386818975758,208.89501656426506,324.005888,-25.632896763262536,1.59923201883283,2025B-232911,1.0561,/storage/home/efg5335/work/OppositionSurge/neid/collected_fits/neidL2_20260112T083710.fits,-11.24180720381735,0.7986629044130268,5.512902309327119,4.163886364199706,2,,,,,,,,,,,,,27.23440071194103,0.02941270829547837,27.23526558284771,0.02971532286104984,dailymodel0
2461052.8715508394,2461052.8715508394,0.0,3.452818430358536,0.3751343521229977,,,159.23378091349184,211.453014526398,324.005997,-25.75345249646773,1.587520049989406,2025B-232911,1.0634,/storage/home/efg5335/work/OppositionSurge/neid/collected_fits/neidL2_20260112T084302.fits,-12.293273176281021,0.7923680428891711,-3.410188433018892,3.6192384566187616,9,,,,,,,,,,,,,27.34764281952151,0.02933946798919144,27.34865693090939,0.02963491476483393,dailymodel0
2461052.875621308,2461052.875621308,0.0,4.855125055874099,0.3688531443681475,,,161.28806451043795,213.55384690363422,324.00531,-25.87270536173758,1.576131822606098,2025B-232911,1.0714,/storage/home/efg5335/work/OppositionSurge/neid/collected_fits/neidL2_20260112T084854.fits,-10.366231796755986,0.7788462644925925,-3.019120009578141,4.114814174582989,8,,,,,,,,,,,,,27.45631014246649,0.02871425471195797,27.45726511614367,0.02904427008901364,dailymodel0
2461052.8796917717,2461052.8796917717,0.0,-0.5628811177483307,0.4013762380989854,,,148.48998587229613,198.41451313377013,324.005733,-25.990643399158657,1.565422754397359,2025B-232911,1.08,/storage/home/efg5335/work/OppositionSurge/neid/collected_fits/neidL2_20260112T085445.fits,-10.779144631193132,0.8474345205226228,-2.178432773853763,4.76144838084572,3,,,,,,,,,,,,,27.55854980837387,0.03173889108750413,27.55954653890614,0.03207513198967921,dailymodel0
2461056.937211776,2461056.937211776,0.0,1.6503303635698086,0.2903944353931151,,,208.2128215042188,276.2338747792016,323.738658,-30.825893230358492,-0.7257614929972884,2025B-232911,1.3718,/storage/home/efg5335/work/OppositionSurge/neid/collected_fits/neidL2_20260116T101735.fits,-11.22221545049281,0.6110719563312176,-2.667867003881482,3.1475414126566585,8,,,,,,,,,,,,,30.10507041623361,0.02576205423058741,30.10628611199903,0.02656633384949827,dailymodel0
2461056.9412806598,2461056.9412806598,0.0,2.3872710423171775,0.3105258912955894,,,194.1580912734295,259.82740740030164,324.005542,-30.763529153110518,-0.7346811383062921,2025B-232911,1.4008,/storage/home/efg5335/work/OppositionSurge/neid/collected_fits/neidL2_20260116T102326.fits,-12.978064081997184,0.6543172364196166,-0.2561991692215081,2.849417489340942, ,,,,,,,,,,,,,30.03442044654522,0.02877261077787512,30.03561144822072,0.02991701583015741,dailymodel0
2461056.945351103,2461056.945351103,0.0,3.8804516659213095,0.3587239834542952,,,169.11835608230766,230.70894931937087,324.005829,-30.699575349437094,-0.7434109793307252,2025B-232911,1.4317,/storage/home/efg5335/work/OppositionSurge/neid/collected_fits/neidL2_20260116T102918.fits,-14.604136383323016,0.756282621000232,-2.2360251795521484,3.515254006073377,8,,,,,,,,,,,,,29.96348579127353,0.03191257259691312,29.96491901884446,0.03303429529402208,dailymodel0
2461056.9494215334,2461056.9494215334,0.0,-1.3624096290664902,0.39210706798487316,,,155.08060713091496,214.0840307456964,324.005962,-30.634055779438288,-0.7527353742949586,2025B-232911,1.4645,/storage/home/efg5335/work/OppositionSurge/neid/collected_fits/neidL2_20260116T103509.fits,-14.537357146255646,0.8278235680681028,5.50693982805921,3.130008583524031,.,,,,,,,,,,,,,29.88364106281671,0.03487634507293872,29.88497981684139,0.0358996937059429,dailymodel0
2461056.953491973,2461056.953491973,0.0,-1.325489126740032,0.3903196668833243,,,156.0641027183936,216.25054354173776,324.005816,-30.56697046984087,-0.7612153874370579,2025B-232911,1.4996,/storage/home/efg5335/work/OppositionSurge/neid/collected_fits/neidL2_20260116T104101.fits,-12.967099137850143,0.8239962368823799,-1.2503688783739146,3.501175316674154,2,,,,,,,,,,,,,29.8081063352796,0.03467143384082869,29.80959216264949,0.03577489031146093,dailymodel0
2461056.9575624126,2461056.9575624126,0.0,-0.6459887634685864,0.35483733018656144,,,170.98738218854376,234.35037763712032,324.005512,-30.4983201291206,-0.7695847993940974,2025B-232911,1.5373,/storage/home/efg5335/work/OppositionSurge/neid/collected_fits/neidL2_20260116T104653.fits,-13.601507241107715,0.7488473544155678,-1.0820205114233201,3.5557351088418447,3,,,,,,,,,,,,,29.73118934558745,0.03097164810278052,29.73250738725737,0.03190947286834987,dailymodel0
2461056.9616328417,2461056.9616328417,0.0,-0.004425780013726117,0.4050185311211684,,,150.43177401072597,209.3490257148294,324.005478,-30.428105690750684,-0.7776402448915011,2025B-232911,1.5775,/storage/home/efg5335/work/OppositionSurge/neid/collected_fits/neidL2_20260116T105244.fits,-16.20373730026719,0.8549423185304564,3.7548109883137717,3.4369712536524686,9,,,,,,,,,,,,,29.65308218597147,0.03444057795367204,29.65447547113141,0.03544111161276501,dailymodel0
2461056.9657032834,2461056.9657032834,0.0,-0.3339442455041265,0.3577699165527175,,,169.86674762473842,233.41225963352537,324.005762,-30.356327754835313,-0.7857038405370879,2025B-232911,1.6207,/storage/home/efg5335/work/OppositionSurge/neid/collected_fits/neidL2_20260116T105836.fits,-14.695762490436593,0.7548406807687835,2.8373950886338117,3.881441211234372,3,,,,,,,,,,,,,29.57295880321243,0.03107769184923906,29.57429994093683,0.03213277697889356,dailymodel0
2461056.9697737237,2461056.9697737237,0.0,-0.34800856451928236,0.359509506461786,,,169.73347072853392,233.40375632195594,324.005667,-30.282987727908218,-0.7935220388209074,2025B-232911,1.6671,/storage/home/efg5335/work/OppositionSurge/neid/collected_fits/neidL2_20260116T110428.fits,-13.052475449802788,0.7585788782885319,1.559979380550342,3.214555293084037,7,,,,,,,,,,,,,29.4918769839666,0.03036480098734855,29.49324599315376,0.03139096825526265,dailymodel0
2461056.985261045,2461056.985261045,0.0,-1.2857641048780755,0.3365151613151508,,,180.38063678374093,245.60852478172328,323.823928,-29.989690368631695,-0.8214452569746176,2025B-232911,1.8785,/storage/home/efg5335/work/OppositionSurge/neid/collected_fits/neidL2_20260116T112646.fits,-12.999852561764945,0.7100049138673294,2.537213609460925,2.9633330413836694,5,,,,,,,,,,,,,29.17016631992711,0.02814731200743886,29.17143962403635,0.0289585395950362,dailymodel0
2461056.989330431,2461056.989330431,0.0,-0.9395854764985662,0.3427138211520881,,,177.4630144097321,242.2237498877197,324.00578,-29.90888927552674,-0.8282669396267147,2025B-232911,1.945,/storage/home/efg5335/work/OppositionSurge/neid/collected_fits/neidL2_20260116T113238.fits,-12.227146678100654,0.7231310499081319,3.6754124966316732,4.06215518435463,1,,,,,,,,,,,,,29.08282590446132,0.02832424991227278,29.08424627144688,0.02916339261537247,dailymodel0
2461057.7145597506,2461057.7145597506,0.0,-9.087066080774534,0.3100995078799428,,,196.04303644204518,248.1246371918741,324.005785,-0.23637846685984357,-0.6691110441394941,2025B-406758,1.1488,/storage/home/efg5335/work/OppositionSurge/neid/collected_fits/neidL2_20260117T045657.fits,27.717916913615532,0.6496101578114614,7.607958153000949,4.0278242163741815,7,,,,,,,,,,,,,-0.4412487857971181,0.000426475236879184,-0.4405203234075727,0.000424182775083918,dailymodel0
2461057.7227006345,2461057.7227006345,0.0,-7.200810575303516,0.34909667788719134,,,173.36930118873855,221.73888460608345,324.005795,0.13213665747120232,-0.6887156602880176,2025B-406758,1.1229,/storage/home/efg5335/work/OppositionSurge/neid/collected_fits/neidL2_20260117T050841.fits,29.677950845005558,0.7320789779478145,6.4968044037111365,3.0294525408036606,"
",,,,,,,,,,,,,-0.8280466776844237,0.000482688324478021,-0.8273064237484852,0.00047971406579624,dailymodel0
2461057.7267710622,2461057.7267710622,0.0,-2.8024395616843876,0.33786546784308963,,,179.07835499315843,226.84048809853095,324.005369,0.31578504347177444,-0.6985363166094399,2025B-406758,1.1112,/storage/home/efg5335/work/OppositionSurge/neid/collected_fits/neidL2_20260117T051433.fits,23.388433361623875,0.7098719839604462,6.453681760018806,3.4857787683581374, ,,,,,,,,,,,,,-1.017611619061875,0.000465874096755914,-1.016896262429291,0.000463575449573356,dailymodel0
2461057.7349119466,2461057.7349119466,0.0,-6.316110469170203,0.3853972647990504,,,156.9192719967595,200.7435726093033,324.005453,0.6818437025407856,-0.7192539358632967,2025B-406758,1.0902,/storage/home/efg5335/work/OppositionSurge/neid/collected_fits/neidL2_20260117T052616.fits,28.301087101096307,0.8076420542190786,7.700612793723185,4.165785880005103,8,,,,,,,,,,,,,-1.407860372992655,0.000533131110953243,-1.407120111383411,0.00052997599306634,dailymodel0
2461057.738982377,2461057.738982377,0.0,2.8106993576321893,0.39554755188486634,,,152.74317812047352,194.7636332151749,324.0056,0.8642442382780231,-0.7291478328999907,2025B-406758,1.0807,/storage/home/efg5335/work/OppositionSurge/neid/collected_fits/neidL2_20260117T053208.fits,28.273046092585602,0.8307512674025543,-1.977654452402818,4.3939449869402205,.,,,,,,,,,,,,,-1.590594733118033,0.000547374602753493,-1.589864800701537,0.000544338502757992,dailymodel0
2461057.743052818,2461057.743052818,0.0,-10.946256802780452,0.41668256841851964,,,145.37030234482427,186.6804168192029,324.005483,1.04622066450751,-0.7405083034824379,2025B-406758,1.0721,/storage/home/efg5335/work/OppositionSurge/neid/collected_fits/neidL2_20260117T053759.fits,28.744816526620895,0.8756180458661915,3.6892866590463544,3.8357241462741016,2,,,,,,,,,,,,,-1.797414166190047,0.000576462731162465,-1.796694247425147,0.00057280331375316,dailymodel0
2461057.7471232605,2461057.7471232605,0.0,-8.979517318811231,0.39660872877908276,,,151.84446587342822,194.47524813491785,324.005717,1.2277685689490399,-0.75106022342311,2025B-406758,1.064,/storage/home/efg5335/work/OppositionSurge/neid/collected_fits/neidL2_20260117T054351.fits,20.33222855249774,0.8330996429467835,0.12841703940541185,3.9141946324426025,4,,,,,,,,,,,,,-1.987432458545262,0.000549670972681505,-1.986784458022842,0.000546461598064919,dailymodel0
2461057.7511936957,2461057.7511936957,0.0,1.022832932147963,0.3620711265446373,,,165.6532397986835,209.69316994754078,324.004781,1.408883515757583,-0.7611891834106388,2025B-406758,1.0567,/storage/home/efg5335/work/OppositionSurge/neid/collected_fits/neidL2_20260117T054943.fits,14.17945483863179,0.7618080491483347,1.3062189535413717,4.050039586330841,5,,,,,,,,,,,,,-2.16898876058109,0.000502911637997963,-2.168347021476346,0.00050050898462057,dailymodel0
2461057.7558243256,2461057.7558243256,0.0,-6.142897356076764,0.39232889853412256,,,153.73154994228037,196.8112430315523,323.729655,1.6143934173040995,-0.7739774388751698,2025B-406758,1.0491,/storage/home/efg5335/work/OppositionSurge/neid/collected_fits/neidL2_20260117T055623.fits,15.05955788259493,0.8258611975508667,-0.9836150983623375,4.251461907510434,5,,,,,,,,,,,,,-2.395094894836084,0.000543674439595107,-2.394426009583221,0.000540427560554362,dailymodel0
2461057.7598931678,2461057.7598931678,0.0,-0.4302538897591318,0.37672893375303074,,,159.81937815890524,204.41071078000684,324.005449,1.7945000235196764,-0.7845702678071028,2025B-406758,1.0431,/storage/home/efg5335/work/OppositionSurge/neid/collected_fits/neidL2_20260117T060214.fits,13.585262090045193,0.7925576172419995,5.611652215462263,3.7080429491778837,6,,,,,,,,,,,,,-2.579502160602261,0.000523137484927361,-2.578766707224029,0.000520053051914765,dailymodel0
2461057.763963596,2461057.763963596,0.0,-2.150797742544389,0.37107303549396703,,,161.46713359551447,205.49872178796636,324.005342,1.9742320688634516,-0.7957444703720471,2025B-406758,1.0376,/storage/home/efg5335/work/OppositionSurge/neid/collected_fits/neidL2_20260117T060806.fits,8.861019779679838,0.7806832950629511,-3.944432624231265,3.8686114532449603,2,,,,,,,,,,,,,-2.772959632813262,0.000516764576500554,-2.772301219046715,0.000513974498487412,dailymodel0
2461059.8582942337,2461059.8582942337,0.0,7.649207045483003,0.3196022375552028,,,184.14564173215828,227.5060539075182,323.800287,-26.124169060618378,-2.13578858060054,2025B-406758,1.0805,/storage/home/efg5335/work/OppositionSurge/neid/collected_fits/neidL2_20260119T082357.fits,4.161972873457284,0.6724909412166369,1.372301324774115,5.286037472592057,6,,,,,,,,,,,,,23.99911529440757,0.02644351343441355,23.99960568740464,0.02673219560916866,dailymodel0
2461059.8623634595,2461059.8623634595,0.0,7.609994799945447,0.33371278631400614,,,175.4726482017306,217.45562855427963,324.005528,-26.27474745123813,-2.146977692019142,2025B-406758,1.0899,/storage/home/efg5335/work/OppositionSurge/neid/collected_fits/neidL2_20260119T082949.fits,2.0915250446224314,0.7028506920491542,-4.041128685486904,4.543544315691477,2,,,,,,,,,,,,,24.13867685329941,0.02783403826908636,24.13919776645107,0.02817862203014516,dailymodel0
2461059.866433883,2461059.866433883,0.0,9.571269913868733,0.33739471847547703,,,173.9656078553303,216.05886122272327,324.005827,-26.424235551928657,-2.158175314429053,2025B-406758,1.1,/storage/home/efg5335/work/OppositionSurge/neid/collected_fits/neidL2_20260119T083540.fits,3.914969999715493,0.7110460602767681,-1.5965113795093873,5.361432290090935, ,,,,,,,,,,,,,24.27908549880458,0.02824119539924794,24.27965600725959,0.0286103056117949,dailymodel0
2461059.8705042936,2461059.8705042936,0.0,12.428583358710277,0.34637948065877966,,,169.44993748036745,210.4175175759074,324.005927,-26.572575005669453,-2.169444482772885,2025B-406758,1.1109,/storage/home/efg5335/work/OppositionSurge/neid/collected_fits/neidL2_20260119T084132.fits,2.5955506226490135,0.7293185145703055,-7.688018607737737,4.425200440032164,8,,,,,,,,,,,,,24.41886920773366,0.02882302112597955,24.41946373148537,0.02924833234242823,dailymodel0
2461059.8745747157,2461059.8745747157,0.0,11.048317970038768,0.3057052431323582,,,193.21642439963034,239.53979606042805,324.005888,-26.71975346113138,-2.18020318917703,2025B-406758,1.1226,/storage/home/efg5335/work/OppositionSurge/neid/collected_fits/neidL2_20260119T084724.fits,2.238355883350062,0.6432564833363289,-7.408973537545903,4.778546158379657,.,,,,,,,,,,,,,24.55393393399963,0.02557267408086857,24.55461409983392,0.02585815090629074,dailymodel0
2461059.8786451346,2461059.8786451346,0.0,5.502848749079158,0.28481795633237517,,,206.89795692419221,257.7716888872286,324.005433,-26.865757303504694,-2.19066314369761,2025B-406758,1.1351,/storage/home/efg5335/work/OppositionSurge/neid/collected_fits/neidL2_20260119T085315.fits,3.0128833692603654,0.5994356415298848,-8.421869922205875,4.475653629077081,2,,,,,,,,,,,,,24.68399951194559,0.02343250814972091,24.68467135658003,0.02368469501286912,dailymodel0
2461059.882715547,2461059.882715547,0.0,11.903545469081148,0.28153880269649617,,,210.38118528420642,263.54523959915633,324.005799,-27.0105734345419,-2.201818591163143,2025B-406758,1.1485,/storage/home/efg5335/work/OppositionSurge/neid/collected_fits/neidL2_20260119T085907.fits,3.0293223478085474,0.5927626704675635,-4.959858098825841,4.6234382707314365,5,,,,,,,,,,,,,24.82401614703994,0.02313459728646748,24.82478995889701,0.02337653171413505,dailymodel0
2461059.886785968,2461059.886785968,0.0,8.545232890070933,0.2858805535165179,,,207.47237534808613,261.83577868069494,324.005809,-27.15418951140118,-2.212253363709141,2025B-406758,1.1628,/storage/home/efg5335/work/OppositionSurge/neid/collected_fits/neidL2_20260119T090459.fits,3.0731382518270007,0.6017259416338301,-6.523393122660483,4.430716346728564,1,,,,,,,,,,,,,24.95387141810452,0.02396150839335826,24.95473385230116,0.02421268080720192,dailymodel0
2461059.890856386,2461059.890856386,0.0,13.889454414187236,0.3047545920075774,,,194.7489520085845,246.53232044713624,324.005206,-27.2965924560715,-2.223085980716152,2025B-406758,1.178,/storage/home/efg5335/work/OppositionSurge/neid/collected_fits/neidL2_20260119T091050.fits,1.4720474435043838,0.6418253715141559,-4.65557913528822,4.071410615952029,7,,,,,,,,,,,,,25.09017352902797,0.02532010672234095,25.09100205849244,0.02554886138463574,dailymodel0
2461059.903617135,2461059.903617135,0.0,3.107550535374851,0.339174968088021,,,175.08053494758153,221.39572898437459,323.813088,-27.73502443918634,-2.254525903796427,2025B-406758,1.2327,/storage/home/efg5335/work/OppositionSurge/neid/collected_fits/neidL2_20260119T092913.fits,3.1862829230477265,0.7149759942359241,-10.154951581586948,3.561482280461047,9,,,,,,,,,,,,,25.48675480912767,0.02773077889263506,25.48758696667944,0.02801327620364993,dailymodel0
2461059.9076864338,2461059.9076864338,0.0,13.809456161235808,0.2967321659916347,,,200.6069940285472,252.87037754196086,324.005354,-27.872242294066783,-2.265261243845744,2025B-406758,1.2525,/storage/home/efg5335/work/OppositionSurge/neid/collected_fits/neidL2_20260119T093505.fits,3.692430089181107,0.6246413212847933,-6.05586659402816,4.5326884193445345,7,,,,,,,,,,,,,25.62369711580904,0.02439597005367195,25.62461964154442,0.02461941068461003,dailymodel0
2461060.9592632847,2461060.9592632847,0.0,4.762865207758466,0.34904869741465505,,,173.02734572716423,228.30536056923484,323.813416,-17.184470736893708,-2.911895366860966,2025B-406758,1.6888,/storage/home/efg5335/work/OppositionSurge/neid/collected_fits/neidL2_20260120T104922.fits,3.132350785023439,0.736227354588462,2.2009152466952844,4.819882775113876,8,,,,,,,,,,,,,14.27845530509969,0.001454827702987246,14.27957042311132,0.001435147632199351,dailymodel0
2461060.9633325846,2461060.9633325846,0.0,-4.546925594777232,0.41621714481470384,,,145.29650334696973,191.17795972313888,324.005353,-17.004534645041698,-2.919859477755604,2025B-406758,1.7402,/storage/home/efg5335/work/OppositionSurge/neid/collected_fits/neidL2_20260120T105513.fits,2.137213691495792,0.8782250808597525,-0.18765292645971066,5.2170571474963845,5,,,,,,,,,,,,,14.08054960865409,0.001603210341641804,14.08163908588659,0.001582068024873881,dailymodel0
2461060.9674029984,2461060.9674029984,0.0,-3.035655302617689,0.3443530848441551,,,175.6468409784458,230.94510703533578,324.005647,-16.82384597640362,-2.927212726292071,2025B-406758,1.7957,/storage/home/efg5335/work/OppositionSurge/neid/collected_fits/neidL2_20260120T110105.fits,4.171759130475457,0.7259190672914838,6.022777391335892,4.451636962674279, ,,,,,,,,,,,,,13.89399526400292,0.001236156103048318,13.89511741591661,0.001220014146749008,dailymodel0
2461060.9755438087,2461060.9755438087,0.0,8.110102511656642,0.3189055973945382,,,190.0878319693673,249.62804604511174,324.005489,-16.4603889285291,-2.940942363941153,2025B-406758,1.9204,/storage/home/efg5335/work/OppositionSurge/neid/collected_fits/neidL2_20260120T111248.fits,6.243083418713145,0.671704761478381,5.723374368221709,5.278944412096347,8,,,,,,,,,,,,,13.52818423977564,0.001007811309763365,13.52925531275147,0.000995037520115694,dailymodel0
2461060.979614214,2461060.979614214,0.0,-8.479301760628198,0.3618871010715324,,,167.3719994899704,220.64584852681898,324.006459,-16.27763535039821,-2.948314135959729,2025B-406758,1.9908,/storage/home/efg5335/work/OppositionSurge/neid/collected_fits/neidL2_20260120T111840.fits,4.362423600507956,0.7627465218208923,8.739750266701536,5.25830048617581,.,,,,,,,,,,,,,13.3214043952633,0.00107509876650081,13.3225931672598,0.001060284072075449,dailymodel0
2461060.9836846204,2461060.9836846204,0.0,-3.1410015114526826,0.4147023920231304,,,146.2068033297375,194.08747816877036,324.005581,-16.094208708853813,-2.954648401823007,2025B-406758,2.067,/storage/home/efg5335/work/OppositionSurge/neid/collected_fits/neidL2_20260120T112432.fits,6.144990923638663,0.8748024467312913,7.150874260928685,5.298349120336025,2,,,,,,,,,,,,,13.13664527796644,0.001170260508765731,13.13779771933869,0.001152919844160786,dailymodel0
2461060.9877550337,2461060.9877550337,0.0,-0.4673492641061167,0.35019086321947457,,,173.40448115839132,229.502051442719,324.006006,-15.910116863363637,-2.960903140245327,2025B-406758,2.1506,/storage/home/efg5335/work/OppositionSurge/neid/collected_fits/neidL2_20260120T113023.fits,7.030100199239638,0.7384090955225902,7.365905120672928,4.659645297906284,5,,,,,,,,,,,,,12.94935131712214,0.00093945838692248,12.95058882791089,0.000925620537686851,dailymodel0
2461060.9918254423,2461060.9918254423,0.0,-5.0968217644996985,0.37962891874068844,,,160.86558264166035,213.83293396983464,324.005553,-15.725368408864199,-2.967189940033153,2025B-406758,2.2419,/storage/home/efg5335/work/OppositionSurge/neid/collected_fits/neidL2_20260120T113615.fits,7.954029750126864,0.8008376450792768,7.319178125261305,4.243974151024572,8,,,,,,,,,,,,,12.75305798417227,0.000967952781709399,12.75431897216269,0.000953076161669098,dailymodel0
2461060.9958958426,2461060.9958958426,0.0,-3.310476725785827,0.3870564191716391,,,158.5460489742628,211.82037618337128,324.005647,-15.539971957499663,-2.973052219046385,2025B-406758,2.342,/storage/home/efg5335/work/OppositionSurge/neid/collected_fits/neidL2_20260120T114207.fits,9.87341680905534,0.8158087009808459,12.947726113033577,4.797521952212368,0,,,,,,,,,,,,,12.56363287003797,0.000944060514088096,12.56499369573346,0.000928629700829718,dailymodel0
2461060.999966249,2461060.999966249,0.0,-4.267879686247514,0.35206809800483796,,,175.23718895555587,234.92381082765,324.00487,-15.353935336086503,-2.978752005242104,2025B-406758,2.4522,/storage/home/efg5335/work/OppositionSurge/neid/collected_fits/neidL2_20260120T114758.fits,11.447751447436966,0.7414230660151985,11.284439053610612,5.351287241497745,6,,,,,,,,,,,,,12.37125409448906,0.000824627254997897,12.37254331870322,0.000810353056485242,dailymodel0
2461061.004485471,2461061.004485471,0.0,-3.0186861782733523,0.3235760115668057,,,191.23989440233325,257.72598304131577,323.82029,-15.146646519527039,-2.984764659147448,2025B-406758,2.5887,/storage/home/efg5335/work/OppositionSurge/neid/collected_fits/neidL2_20260120T115429.fits,12.098824728723535,0.681406737413434,10.838578750285345,5.033479144793228,7,,,,,,,,,,,,,12.15874688630316,0.000731028711318819,12.16021273375391,0.000717419483068579,dailymodel0
2461061.6602347675,2461061.6602347675,0.0,-2.1427076560884384,0.2782627848686801,,,221.67623177184106,273.4753568002726,323.859925,13.91354642345009,-2.690886882263531,2025B-232911,1.3503,/storage/home/efg5335/work/OppositionSurge/neid/collected_fits/neidL2_20260121T033846.fits,1.2250311589961291,0.5853177967178101,2.6473869277325948,3.824090862858411,7,,,,,,,,,,,,,-16.6063084742029,0.003679346285581376,-16.60549354007154,0.003679811627248291,dailymodel0
2461061.6643043347,2461061.6643043347,0.0,-2.2731218066986343,0.28791910440304913,,,212.97695891857603,263.4200505852783,324.005479,14.030270341788723,-2.698899576490847,2025B-232911,1.3245,/storage/home/efg5335/work/OppositionSurge/neid/collected_fits/neidL2_20260121T034438.fits,-0.7360075692797433,0.6058608006560179,-0.4800900471483053,4.349481543693647,9,,,,,,,,,,,,,-16.73120492127572,0.004153600156272173,-16.7304530445683,0.004157222845380761,dailymodel0
2461061.6683747494,2461061.6683747494,0.0,-0.2820132199478867,0.30009753505219783,,,203.61624214669496,252.69511193328344,324.005484,14.145768532440405,-2.706954381599851,2025B-232911,1.3003,/storage/home/efg5335/work/OppositionSurge/neid/collected_fits/neidL2_20260121T035029.fits,-0.213146488509981,0.6318649740201963,-1.5005406315753749,4.334600821157807, ,,,,,,,,,,,,,-16.85292035521599,0.004645888080348516,-16.85213880222311,0.004652090098483857,dailymodel0
2461061.672445152,2461061.672445152,0.0,-2.3811983130559407,0.30855741760666205,,,197.88601183536002,246.9179256402437,324.005381,14.260014793651301,-2.715387017030441,2025B-232911,1.2776,/storage/home/efg5335/work/OppositionSurge/neid/collected_fits/neidL2_20260121T035621.fits,0.18272961909177518,0.6492342174635827,3.8676680893651993,3.897584133791206,8,,,,,,,,,,,,,-16.97750432000437,0.005238172198984782,-16.97666518357369,0.005250616348932539,dailymodel0
2461061.6765155727,2461061.6765155727,0.0,-3.5602972356088505,0.29484665659214215,,,207.34788987898605,257.1124284343086,324.006567,14.373008644206418,-2.723957843753052,2025B-232911,1.2562,/storage/home/efg5335/work/OppositionSurge/neid/collected_fits/neidL2_20260121T040213.fits,-0.4381191729827849,0.620355984951264,1.3574599357778987,4.302324053873622,.,,,,,,,,,,,,,-17.09999532418788,0.005371973982597227,-17.09915601970263,0.00539090123984615,dailymodel0
2461061.6805859874,2461061.6805859874,0.0,-4.611354991614854,0.2896603355346949,,,211.85730316737374,262.4305824036876,324.004569,14.484748314680413,-2.732631296817169,2025B-232911,1.2362,/storage/home/efg5335/work/OppositionSurge/neid/collected_fits/neidL2_20260121T040804.fits,-0.8333923385044347,0.6098621929348708,-0.04790933588639379,4.586855112423623,2,,,,,,,,,,,,,-17.22151417207519,0.005686288074743378,-17.22067494454362,0.005706811430606705,dailymodel0
2461061.684656387,2461061.684656387,0.0,-4.362341442886091,0.30890357903130183,,,198.02967263464095,247.85641822589744,324.006146,14.595232589953826,-2.741475452119644,2025B-232911,1.2173,/storage/home/efg5335/work/OppositionSurge/neid/collected_fits/neidL2_20260121T041356.fits,-1.3601182021275604,0.6505529682522476,-1.9229487908321767,3.8683585685230297,6,,,,,,,,,,,,,-17.34044325488127,0.006647296221062394,-17.33956009392376,0.00668251731275061,dailymodel0
2461061.6887268,2461061.6887268,0.0,-2.0861403782033587,0.2996025150732481,,,203.7040401791326,253.23892450512176,324.005894,14.70446137962827,-2.750343776205893,2025B-232911,1.1997,/storage/home/efg5335/work/OppositionSurge/neid/collected_fits/neidL2_20260121T041948.fits,-0.8787000387925885,0.6307541347324996,2.8885446030146578,3.3762177835989213,4,,,,,,,,,,,,,-17.45668147031276,0.006918505145046313,-17.45586532873925,0.006960005115103005,dailymodel0
2461061.692797211,2461061.692797211,0.0,-3.8006441947097858,0.30380132282964517,,,200.92977463355234,249.7123762143242,324.005378,14.812433681200236,-2.759667199206595,2025B-232911,1.1831,/storage/home/efg5335/work/OppositionSurge/neid/collected_fits/neidL2_20260121T042539.fits,-1.0194329802531203,0.6393517403692194,1.5524772840532526,3.583457709637025,3,,,,,,,,,,,,,-17.57492030391889,0.007695963740773424,-17.57421985632454,0.00774202382583685,dailymodel0
2461061.6968676243,2461061.6968676243,0.0,-3.8806184539969952,0.29030563275096544,,,209.84265556281517,259.3489518375388,324.005305,14.91914907456351,-2.769050914496647,2025B-232911,1.1675,/storage/home/efg5335/work/OppositionSurge/neid/collected_fits/neidL2_20260121T043131.fits,-1.69892986996595,0.6102945258973609,-0.3029525330681792,3.864591585629776,7,,,,,,,,,,,,,-17.69148720032443,0.007932541498583882,-17.69079596988719,0.007986276511470922,dailymodel0
2461061.7009380297,2461061.7009380297,0.0,-4.060305938734828,0.28185109799251,,,216.52779381959883,266.3811725611457,324.005884,15.024606891382415,-2.778540866126189,2025B-232911,1.1529,/storage/home/efg5335/work/OppositionSurge/neid/collected_fits/neidL2_20260121T043723.fits,-0.19172907633473718,0.5929502271993001,0.2387091521319633,3.830488367085484,7,,,,,,,,,,,,,-17.80658361648486,0.008302456484282086,-17.80593135988293,0.008367074586248083,dailymodel0
2461066.7593164034,2461066.7593164034,0.0,5.516880197689978,0.3104026025367787,,,189.41016931446052,239.24452376037618,323.818104,-21.657633173460162,-5.578031927681335,2025B-406758,1.017,/storage/home/efg5335/work/OppositionSurge/neid/collected_fits/neidL2_20260126T060133.fits,9.434069492632593,0.652805930590248,-3.163832283343176,4.676545030323483,8,,,,,,,,,,,,,16.0872301453918,0.003173053322438349,16.08786769345105,0.003165365280642448,dailymodel0
2461066.763385685,2461066.763385685,0.0,5.463579641881956,0.3179221999209985,,,185.3333949868933,233.94169719993238,324.005099,-21.849261939229827,-5.589387482395664,2025B-406758,1.0154,/storage/home/efg5335/work/OppositionSurge/neid/collected_fits/neidL2_20260126T060725.fits,10.227219829041704,0.6689614092509943,-3.5941584494631713,4.816201126941621,3,,,,,,,,,,,,,16.26747092032298,0.003618213204186525,16.26809434341179,0.003610986883381652,dailymodel0
2461066.7674560547,2461066.7674560547,0.0,4.551047978971028,0.30431547713496543,,,193.72940676979502,242.9969869337623,324.006031,-22.04035448734191,-5.600748316325975,2025B-406758,1.0143,/storage/home/efg5335/work/OppositionSurge/neid/collected_fits/neidL2_20260126T061316.fits,8.617794733036284,0.6396819928222658,2.4413413127536967,5.0421864742697196, ,,,,,,,,,,,,,16.44650830278546,0.003837451653238932,16.44706452100503,0.003836052113295625,dailymodel0
2461066.771526442,2461066.771526442,0.0,5.557618222300476,0.3116240958000807,,,189.11788069587172,237.49249260925163,324.006113,-22.23084439251986,-5.612262663427264,2025B-406758,1.0138,/storage/home/efg5335/work/OppositionSurge/neid/collected_fits/neidL2_20260126T061908.fits,10.085771917205339,0.65560645063684,-2.393908309802987,4.55238586062905,8,,,,,,,,,,,,,16.6264717884543,0.00444599829808652,16.62712663516351,0.004445824023905833,dailymodel0
2461066.775596811,2461066.775596811,0.0,6.4647543544379715,0.2859912116211271,,,205.244570599521,255.30814578757034,324.005057,-22.420714124299046,-5.62376472448642,2025B-406758,1.0138,/storage/home/efg5335/work/OppositionSurge/neid/collected_fits/neidL2_20260126T062500.fits,8.665841767762839,0.6014211799888609,-1.949077919229101,4.453353905260277,.,,,,,,,,,,,,,16.80575396602475,0.004603416283157706,16.8063089240522,0.004608833593081203,dailymodel0
2461066.7796671777,2461066.7796671777,0.0,4.2518526033110025,0.29655613813986803,,,198.7002883426187,248.6644042847158,324.00575,-22.609948513856168,-5.635120974127905,2025B-406758,1.0143,/storage/home/efg5335/work/OppositionSurge/neid/collected_fits/neidL2_20260126T063051.fits,7.183462495108778,0.6234121776546407,-0.4061951831465091,4.765445910190886,2,,,,,,,,,,,,,16.98100288520284,0.005315220674159658,16.98154947183252,0.005325341458753415,dailymodel0
2461066.783737552,2461066.783737552,0.0,3.2482076218626093,0.33378981338182717,,,176.96625935157,225.10533712605704,324.005534,-22.798532142973542,-5.646622989463726,2025B-406758,1.0153,/storage/home/efg5335/work/OppositionSurge/neid/collected_fits/neidL2_20260126T063643.fits,7.650528082951747,0.702739356738496,3.3987119478559347,4.562472217725613,7,,,,,,,,,,,,,17.15740582184618,0.006830522027577075,17.15808623495517,0.006840986782355944,dailymodel0
2461066.7878079168,2461066.7878079168,0.0,10.139184094040418,0.32469629839654324,,,181.65088216277448,229.88915130591607,324.005911,-22.98644850182964,-5.658601411793331,2025B-406758,1.0169,/storage/home/efg5335/work/OppositionSurge/neid/collected_fits/neidL2_20260126T064235.fits,5.171348265066849,0.683572775393256,3.7505666093516825,4.857524607319899,0,,,,,,,,,,,,,17.34038448086818,0.007545041127139574,17.34100807554489,0.007577258708366666,dailymodel0
2461066.791878287,2461066.791878287,0.0,2.8031889166477577,0.32113937739176707,,,183.3343118082024,230.55313047397928,324.005229,-23.1736824646702,-5.669701513358967,2025B-406758,1.019,/storage/home/efg5335/work/OppositionSurge/neid/collected_fits/neidL2_20260126T064826.fits,5.6530719133256095,0.6759390637116444,-0.40551639636719594,5.1688683904739445,7,,,,,,,,,,,,,17.50936031749917,0.008354272232316952,17.50991780569102,0.008387970531746662,dailymodel0
2461066.7959486516,2461066.7959486516,0.0,4.243038594346081,0.32149239732678137,,,182.83769776473852,229.44072706280136,324.005478,-23.360217721275742,-5.681352720729344,2025B-406758,1.0217,/storage/home/efg5335/work/OppositionSurge/neid/collected_fits/neidL2_20260126T065418.fits,3.740592922963444,0.6761941001151821,-2.5450670355914515,5.25192793405503,2,,,,,,,,,,,,,17.68566169258733,0.009499517888550127,17.68619402225038,0.009562583128123203,dailymodel0
2461066.8000190333,2461066.8000190333,0.0,10.139638405449057,0.34600248477587564,,,169.7946414675353,214.7961154641089,324.004855,-23.546039755881438,-5.693279223211651,2025B-406758,1.0249,/storage/home/efg5335/work/OppositionSurge/neid/collected_fits/neidL2_20260126T070010.fits,3.5448915264004004,0.7288817076062075,2.92017722372207,5.085287699199674,6,,,,,,,,,,,,,17.86556959989466,0.01189475348040542,17.86620700133931,0.01200418615486744,dailymodel0
2461066.8559151,2461066.8559151,0.0,9.97091249067912,0.33774149105228846,,,175.36145667480244,224.68823554648424,323.835195,-26.017418929809654,-5.848036390471366,2025B-406758,1.1315,/storage/home/efg5335/work/OppositionSurge/neid/collected_fits/neidL2_20260126T082039.fits,3.630072596864164,0.7111537426071037,-9.151730824848554,5.027142308533646,2,,,,,,,,,,,,,20.18153592855943,0.02903510040828858,20.18236642561202,0.02914667171139266,dailymodel0
2461066.8599844803,2461066.8599844803,0.0,4.34620766656979,0.35826720493098557,,,166.15799816353172,214.28389563293882,324.005963,-26.190906965905857,-5.858578742652734,2025B-406758,1.1447,/storage/home/efg5335/work/OppositionSurge/neid/collected_fits/neidL2_20260126T082631.fits,5.8707548774976805,0.754028127168828,-5.576795850346225,4.9399530896510315,4,,,,,,,,,,,,,20.33955364880586,0.03134882497121565,20.34044890035736,0.03139338103640059,dailymodel0
2461066.8640548405,2461066.8640548405,0.0,7.3046618053632315,0.35128823178477736,,,169.40196763963473,218.79635558690015,324.005937,-26.363486234603883,-5.869416476651672,2025B-406758,1.1588,/storage/home/efg5335/work/OppositionSurge/neid/collected_fits/neidL2_20260126T083223.fits,3.3556878679886712,0.7406715587509528,-8.375632998178963,5.1693425556830634, ,,,,,,,,,,,,,20.50445053126974,0.03057379314156494,20.50542588877076,0.03057860500354646,dailymodel0
2461066.8681252208,2461066.8681252208,0.0,-0.10992467917697278,0.3476817530412049,,,171.41314702945698,221.3725861235401,324.005428,-26.535101567756357,-5.879498803820533,2025B-406758,1.1737,/storage/home/efg5335/work/OppositionSurge/neid/collected_fits/neidL2_20260126T083814.fits,4.002833013620109,0.7325932552824101,-7.501825152723091,4.506578465204832,8,,,,,,,,,,,,,20.65805034758902,0.03032044942287495,20.65905641281567,0.03024845004935391,dailymodel0
2461066.872195582,2461066.872195582,0.0,2.9614858552812633,0.34481963946206634,,,172.90396400554005,223.65074998395306,324.005673,-26.70573725245215,-5.890141601820332,2025B-406758,1.1898,/storage/home/efg5335/work/OppositionSurge/neid/collected_fits/neidL2_20260126T084406.fits,4.230116030155827,0.7266400597201549,-11.734126852721243,4.816478894518563,.,,,,,,,,,,,,,20.82152628389533,0.02957571777101334,20.82248613459138,0.02956999391198273,dailymodel0
2461066.876265954,2461066.876265954,0.0,5.521395301765204,0.3522627331786047,,,170.18141665899262,221.66431176615336,324.005846,-26.875380628789422,-5.900659430309732,2025B-406758,1.2068,/storage/home/efg5335/work/OppositionSurge/neid/collected_fits/neidL2_20260126T084958.fits,3.516464220509026,0.7426227636657577,-5.64644641190143,4.99456527397192,2,,,,,,,,,,,,,20.98312731096475,0.02982046314065324,20.98417032332783,0.02974619218142649,dailymodel0
2461066.880336318,2461066.880336318,0.0,2.950055892400203,0.35615150948300656,,,167.9645489288058,219.52565940302185,324.004587,-27.044017041844405,-5.910683882338549,2025B-406758,1.225,/storage/home/efg5335/work/OppositionSurge/neid/collected_fits/neidL2_20260126T085549.fits,3.099566870564019,0.7510502991116845,-7.565848773968433,4.290642740922547,7,,,,,,,,,,,,,21.13848080094457,0.0305171598553239,21.13963310719803,0.03043281379123909,dailymodel0
2461066.884406685,2461066.884406685,0.0,5.862270820321181,0.35142767840536493,,,170.1038263869348,221.28786509809072,324.005888,-27.211633368872835,-5.92102984727782,2025B-406758,1.2443,/storage/home/efg5335/work/OppositionSurge/neid/collected_fits/neidL2_20260126T090141.fits,2.799247179364386,0.7406539700412819,-13.475935992764649,4.748894651255045,7,,,,,,,,,,,,,21.29918346134685,0.02964339611278648,21.30022700869591,0.02970866259900026,dailymodel0
2461066.8884770563,2461066.8884770563,0.0,2.969017725533617,0.3782728679759445,,,158.02737814158843,205.52673032578386,324.005972,-27.378216147337653,-5.930831389769643,2025B-406758,1.2649,/storage/home/efg5335/work/OppositionSurge/neid/collected_fits/neidL2_20260126T090733.fits,4.127482459869047,0.7971328992920322,-11.867958977155814,5.427320466749049,1,,,,,,,,,,,,,21.45336108166204,0.0320054500779144,21.45439663703535,0.03210723698437891,dailymodel0
2461066.8925474146,2461066.8925474146,0.0,1.3731596415919627,0.4150797897725331,,,144.0287833527356,188.29240235020148,324.005804,-27.543751351775473,-5.940528739725449,2025B-406758,1.2868,/storage/home/efg5335/work/OppositionSurge/neid/collected_fits/neidL2_20260126T091324.fits,6.204119639063271,0.8758195194693111,-10.736201078673886,5.064174206070315,1,,,,,,,,,,,,,21.60712300921762,0.03497516756936506,21.60816259942638,0.03499367298317428,dailymodel0
2461066.8966177856,2461066.8966177856,0.0,2.9886721861995977,0.46516496063831697,,,129.08148184287035,170.60423173018316,324.005804,-27.708226717660917,-5.950329646131528,2025B-406758,1.3102,/storage/home/efg5335/work/OppositionSurge/neid/collected_fits/neidL2_20260126T091916.fits,9.121112423837866,0.9815064612016579,-14.947105157535125,5.344912807956462,7,,,,,,,,,,,,,21.76399175193236,0.03842086480051944,21.76532226896645,0.03843496546520089,dailymodel0
